2026-09-27 11:23:35,194 [BombeRLeWorld] INFO: Initializing game world
2026-09-27 11:23:35,303 [BombeRLeWorld] INFO: STARTING ROUND #1
2026-09-27 11:23:35,312 [BombeRLeWorld] INFO: STARTING STEP 1
2026-09-27 11:23:35,318 [BombeRLeWorld] INFO: Agent <agent_1> chose action DOWN in 0.00s.
2026-09-27 11:23:35,318 [BombeRLeWorld] INFO: Agent <agent_1> stayed within acceptable think time.
2026-09-27 11:23:35,318 [BombeRLeWorld] INFO: Agent <rule_based_agent_2> chose action RIGHT in 0.00s.
2026-09-27 11:23:35,318 [BombeRLeWorld] INFO: Agent <rule_based_agent_2> stayed within acceptable think time.
2026-09-27 11:23:35,318 [BombeRLeWorld] INFO: Agent <rule_based_agent_0> chose action UP in 0.00s.
2026-09-27 11:23:35,318 [BombeRLeWorld] INFO: Agent <rule_based_agent_0> stayed within acceptable think time.
2026-09-27 11:23:35,318 [BombeRLeWorld] INFO: Agent <rule_based_agent_1> chose action DOWN in 0.00s.
2026-09-27 11:23:35,318 [BombeRLeWorld] INFO: Agent <rule_based_agent_1> stayed within acceptable think time.
2026-09-27 11:23:35,415 [BombeRLeWorld] INFO: STARTING STEP 2
2026-09-27 11:23:35,421 [BombeRLeWorld] INFO: Agent <agent_1> chose action DOWN in 0.00s.
2026-09-27 11:23:35,421 [BombeRLeWorld] INFO: Agent <agent_1> stayed within acceptable think time.
2026-09-27 11:23:35,421 [BombeRLeWorld] INFO: Agent <rule_based_agent_2> chose action BOMB in 0.00s.
2026-09-27 11:23:35,421 [BombeRLeWorld] INFO: Agent <rule_based_agent_2> stayed within acceptable think time.
2026-09-27 11:23:35,421 [BombeRLeWorld] INFO: Agent <rule_based_agent_2> drops bomb at (np.int64(2), np.int64(15))
2026-09-27 11:23:35,421 [BombeRLeWorld] INFO: Agent <rule_based_agent_0> chose action BOMB in 0.00s.
2026-09-27 11:23:35,421 [BombeRLeWorld] INFO: Agent <rule_based_agent_0> stayed within acceptable think time.
2026-09-27 11:23:35,421 [BombeRLeWorld] INFO: Agent <rule_based_agent_0> drops bomb at (np.int64(15), np.int64(14))
2026-09-27 11:23:35,421 [BombeRLeWorld] INFO: Agent <rule_based_agent_1> chose action BOMB in 0.00s.
2026-09-27 11:23:35,421 [BombeRLeWorld] INFO: Agent <rule_based_agent_1> stayed within acceptable think time.
2026-09-27 11:23:35,421 [BombeRLeWorld] INFO: Agent <rule_based_agent_1> drops bomb at (np.int64(15), np.int64(2))
2026-09-27 11:23:35,511 [BombeRLeWorld] INFO: STARTING STEP 3
2026-09-27 11:23:35,517 [BombeRLeWorld] INFO: Agent <agent_1> chose action BOMB in 0.00s.
2026-09-27 11:23:35,517 [BombeRLeWorld] INFO: Agent <agent_1> stayed within acceptable think time.
2026-09-27 11:23:35,517 [BombeRLeWorld] INFO: Agent <agent_1> drops bomb at (np.int64(1), np.int64(3))
2026-09-27 11:23:35,517 [BombeRLeWorld] INFO: Agent <rule_based_agent_1> chose action UP in 0.00s.
2026-09-27 11:23:35,517 [BombeRLeWorld] INFO: Agent <rule_based_agent_1> stayed within acceptable think time.
2026-09-27 11:23:35,517 [BombeRLeWorld] INFO: Agent <rule_based_agent_2> chose action LEFT in 0.00s.
2026-09-27 11:23:35,517 [BombeRLeWorld] INFO: Agent <rule_based_agent_2> stayed within acceptable think time.
2026-09-27 11:23:35,517 [BombeRLeWorld] INFO: Agent <rule_based_agent_0> chose action DOWN in 0.00s.
2026-09-27 11:23:35,517 [BombeRLeWorld] INFO: Agent <rule_based_agent_0> stayed within acceptable think time.
2026-09-27 11:23:35,612 [BombeRLeWorld] INFO: STARTING STEP 4
2026-09-27 11:23:35,618 [BombeRLeWorld] INFO: Agent <rule_based_agent_2> chose action UP in 0.00s.
2026-09-27 11:23:35,618 [BombeRLeWorld] INFO: Agent <rule_based_agent_2> stayed within acceptable think time.
2026-09-27 11:23:35,619 [BombeRLeWorld] INFO: Agent <rule_based_agent_1> chose action LEFT in 0.00s.
2026-09-27 11:23:35,619 [BombeRLeWorld] INFO: Agent <rule_based_agent_1> stayed within acceptable think time.
2026-09-27 11:23:35,619 [BombeRLeWorld] INFO: Agent <agent_1> chose action UP in 0.00s.
2026-09-27 11:23:35,619 [BombeRLeWorld] INFO: Agent <agent_1> stayed within acceptable think time.
2026-09-27 11:23:35,619 [BombeRLeWorld] INFO: Agent <rule_based_agent_0> chose action LEFT in 0.00s.
2026-09-27 11:23:35,619 [BombeRLeWorld] INFO: Agent <rule_based_agent_0> stayed within acceptable think time.
2026-09-27 11:23:35,712 [BombeRLeWorld] INFO: STARTING STEP 5
2026-09-27 11:23:35,718 [BombeRLeWorld] INFO: Agent <rule_based_agent_1> chose action RIGHT in 0.00s.
2026-09-27 11:23:35,718 [BombeRLeWorld] INFO: Agent <rule_based_agent_1> stayed within acceptable think time.
2026-09-27 11:23:35,718 [BombeRLeWorld] INFO: Agent <agent_1> chose action UP in 0.00s.
2026-09-27 11:23:35,718 [BombeRLeWorld] INFO: Agent <agent_1> stayed within acceptable think time.
2026-09-27 11:23:35,718 [BombeRLeWorld] INFO: Agent <rule_based_agent_0> chose action LEFT in 0.00s.
2026-09-27 11:23:35,718 [BombeRLeWorld] INFO: Agent <rule_based_agent_0> stayed within acceptable think time.
2026-09-27 11:23:35,718 [BombeRLeWorld] INFO: Agent <rule_based_agent_2> chose action DOWN in 0.00s.
2026-09-27 11:23:35,718 [BombeRLeWorld] INFO: Agent <rule_based_agent_2> stayed within acceptable think time.
2026-09-27 11:23:35,814 [BombeRLeWorld] INFO: STARTING STEP 6
2026-09-27 11:23:35,820 [BombeRLeWorld] INFO: Agent <rule_based_agent_1> chose action LEFT in 0.00s.
2026-09-27 11:23:35,821 [BombeRLeWorld] INFO: Agent <rule_based_agent_1> stayed within acceptable think time.
2026-09-27 11:23:35,821 [BombeRLeWorld] INFO: Agent <agent_1> chose action RIGHT in 0.00s.
2026-09-27 11:23:35,821 [BombeRLeWorld] INFO: Agent <agent_1> stayed within acceptable think time.
2026-09-27 11:23:35,821 [BombeRLeWorld] INFO: Agent <rule_based_agent_2> chose action UP in 0.00s.
2026-09-27 11:23:35,821 [BombeRLeWorld] INFO: Agent <rule_based_agent_2> stayed within acceptable think time.
2026-09-27 11:23:35,821 [BombeRLeWorld] INFO: Agent <rule_based_agent_0> chose action RIGHT in 0.00s.
2026-09-27 11:23:35,821 [BombeRLeWorld] INFO: Agent <rule_based_agent_0> stayed within acceptable think time.
2026-09-27 11:23:35,821 [BombeRLeWorld] INFO: Agent <rule_based_agent_2>'s bomb at (np.int64(2), np.int64(15)) explodes
2026-09-27 11:23:35,821 [BombeRLeWorld] INFO: Agent <rule_based_agent_0>'s bomb at (np.int64(15), np.int64(14)) explodes
2026-09-27 11:23:35,821 [BombeRLeWorld] INFO: Agent <rule_based_agent_1>'s bomb at (np.int64(15), np.int64(2)) explodes
2026-09-27 11:23:35,913 [BombeRLeWorld] INFO: STARTING STEP 7
2026-09-27 11:23:35,921 [BombeRLeWorld] INFO: Agent <rule_based_agent_1> chose action None in 0.00s.
2026-09-27 11:23:35,921 [BombeRLeWorld] INFO: Agent <rule_based_agent_1> stayed within acceptable think time.
2026-09-27 11:23:35,921 [BombeRLeWorld] INFO: Agent <rule_based_agent_0> chose action LEFT in 0.00s.
2026-09-27 11:23:35,921 [BombeRLeWorld] INFO: Agent <rule_based_agent_0> stayed within acceptable think time.
2026-09-27 11:23:35,921 [BombeRLeWorld] INFO: Agent <agent_1> chose action RIGHT in 0.00s.
2026-09-27 11:23:35,921 [BombeRLeWorld] INFO: Agent <agent_1> stayed within acceptable think time.
2026-09-27 11:23:35,921 [BombeRLeWorld] INFO: Agent <rule_based_agent_2> chose action None in 0.00s.
2026-09-27 11:23:35,921 [BombeRLeWorld] INFO: Agent <rule_based_agent_2> stayed within acceptable think time.
2026-09-27 11:23:35,921 [BombeRLeWorld] INFO: Agent <agent_1>'s bomb at (np.int64(1), np.int64(3)) explodes
2026-09-27 11:23:36,014 [BombeRLeWorld] INFO: STARTING STEP 8
2026-09-27 11:23:36,021 [BombeRLeWorld] INFO: Agent <rule_based_agent_0> chose action RIGHT in 0.00s.
2026-09-27 11:23:36,021 [BombeRLeWorld] INFO: Agent <rule_based_agent_0> stayed within acceptable think time.
2026-09-27 11:23:36,022 [BombeRLeWorld] INFO: Agent <rule_based_agent_2> chose action DOWN in 0.00s.
2026-09-27 11:23:36,022 [BombeRLeWorld] INFO: Agent <rule_based_agent_2> stayed within acceptable think time.
2026-09-27 11:23:36,022 [BombeRLeWorld] INFO: Agent <rule_based_agent_1> chose action RIGHT in 0.00s.
2026-09-27 11:23:36,022 [BombeRLeWorld] INFO: Agent <rule_based_agent_1> stayed within acceptable think time.
2026-09-27 11:23:36,022 [BombeRLeWorld] INFO: Agent <agent_1> chose action LEFT in 0.00s.
2026-09-27 11:23:36,022 [BombeRLeWorld] INFO: Agent <agent_1> stayed within acceptable think time.
2026-09-27 11:23:36,115 [BombeRLeWorld] INFO: STARTING STEP 9
2026-09-27 11:23:36,123 [BombeRLeWorld] INFO: Agent <rule_based_agent_0> chose action LEFT in 0.00s.
2026-09-27 11:23:36,123 [BombeRLeWorld] INFO: Agent <rule_based_agent_0> stayed within acceptable think time.
2026-09-27 11:23:36,124 [BombeRLeWorld] INFO: Agent <agent_1> chose action RIGHT in 0.00s.
2026-09-27 11:23:36,124 [BombeRLeWorld] INFO: Agent <agent_1> stayed within acceptable think time.
2026-09-27 11:23:36,124 [BombeRLeWorld] INFO: Agent <rule_based_agent_1> chose action LEFT in 0.00s.
2026-09-27 11:23:36,124 [BombeRLeWorld] INFO: Agent <rule_based_agent_1> stayed within acceptable think time.
2026-09-27 11:23:36,124 [BombeRLeWorld] INFO: Agent <rule_based_agent_2> chose action UP in 0.00s.
2026-09-27 11:23:36,124 [BombeRLeWorld] INFO: Agent <rule_based_agent_2> stayed within acceptable think time.
2026-09-27 11:23:36,216 [BombeRLeWorld] INFO: STARTING STEP 10
2026-09-27 11:23:36,223 [BombeRLeWorld] INFO: Agent <rule_based_agent_0> chose action BOMB in 0.00s.
2026-09-27 11:23:36,223 [BombeRLeWorld] INFO: Agent <rule_based_agent_0> stayed within acceptable think time.
2026-09-27 11:23:36,223 [BombeRLeWorld] INFO: Agent <rule_based_agent_0> drops bomb at (np.int64(13), np.int64(15))
2026-09-27 11:23:36,223 [BombeRLeWorld] INFO: Agent <rule_based_agent_2> chose action BOMB in 0.00s.
2026-09-27 11:23:36,223 [BombeRLeWorld] INFO: Agent <rule_based_agent_2> stayed within acceptable think time.
2026-09-27 11:23:36,224 [BombeRLeWorld] INFO: Agent <rule_based_agent_2> drops bomb at (np.int64(1), np.int64(14))
2026-09-27 11:23:36,224 [BombeRLeWorld] INFO: Agent <agent_1> chose action BOMB in 0.00s.
2026-09-27 11:23:36,224 [BombeRLeWorld] INFO: Agent <agent_1> stayed within acceptable think time.
2026-09-27 11:23:36,224 [BombeRLeWorld] INFO: Agent <agent_1> drops bomb at (np.int64(3), np.int64(1))
2026-09-27 11:23:36,224 [BombeRLeWorld] INFO: Agent <rule_based_agent_1> chose action BOMB in 0.00s.
2026-09-27 11:23:36,224 [BombeRLeWorld] INFO: Agent <rule_based_agent_1> stayed within acceptable think time.
2026-09-27 11:23:36,224 [BombeRLeWorld] INFO: Agent <rule_based_agent_1> drops bomb at (np.int64(14), np.int64(1))
2026-09-27 11:23:36,313 [BombeRLeWorld] INFO: STARTING STEP 11
2026-09-27 11:23:36,319 [BombeRLeWorld] INFO: Agent <rule_based_agent_1> chose action RIGHT in 0.00s.
2026-09-27 11:23:36,319 [BombeRLeWorld] INFO: Agent <rule_based_agent_1> stayed within acceptable think time.
2026-09-27 11:23:36,319 [BombeRLeWorld] INFO: Agent <rule_based_agent_0> chose action RIGHT in 0.00s.
2026-09-27 11:23:36,319 [BombeRLeWorld] INFO: Agent <rule_based_agent_0> stayed within acceptable think time.
2026-09-27 11:23:36,319 [BombeRLeWorld] INFO: Agent <rule_based_agent_2> chose action DOWN in 0.00s.
2026-09-27 11:23:36,319 [BombeRLeWorld] INFO: Agent <rule_based_agent_2> stayed within acceptable think time.
2026-09-27 11:23:36,319 [BombeRLeWorld] INFO: Agent <agent_1> chose action LEFT in 0.00s.
2026-09-27 11:23:36,319 [BombeRLeWorld] INFO: Agent <agent_1> stayed within acceptable think time.
2026-09-27 11:23:36,413 [BombeRLeWorld] INFO: STARTING STEP 12
2026-09-27 11:23:36,419 [BombeRLeWorld] INFO: Agent <agent_1> chose action LEFT in 0.00s.
2026-09-27 11:23:36,419 [BombeRLeWorld] INFO: Agent <agent_1> stayed within acceptable think time.
2026-09-27 11:23:36,419 [BombeRLeWorld] INFO: Agent <rule_based_agent_2> chose action RIGHT in 0.00s.
2026-09-27 11:23:36,419 [BombeRLeWorld] INFO: Agent <rule_based_agent_2> stayed within acceptable think time.
2026-09-27 11:23:36,419 [BombeRLeWorld] INFO: Agent <rule_based_agent_0> chose action RIGHT in 0.00s.
2026-09-27 11:23:36,419 [BombeRLeWorld] INFO: Agent <rule_based_agent_0> stayed within acceptable think time.
2026-09-27 11:23:36,419 [BombeRLeWorld] INFO: Agent <rule_based_agent_1> chose action DOWN in 0.00s.
2026-09-27 11:23:36,419 [BombeRLeWorld] INFO: Agent <rule_based_agent_1> stayed within acceptable think time.
2026-09-27 11:23:36,513 [BombeRLeWorld] INFO: STARTING STEP 13
2026-09-27 11:23:36,520 [BombeRLeWorld] INFO: Agent <rule_based_agent_2> chose action RIGHT in 0.00s.
2026-09-27 11:23:36,520 [BombeRLeWorld] INFO: Agent <rule_based_agent_2> stayed within acceptable think time.
2026-09-27 11:23:36,520 [BombeRLeWorld] INFO: Agent <agent_1> chose action DOWN in 0.00s.
2026-09-27 11:23:36,521 [BombeRLeWorld] INFO: Agent <agent_1> stayed within acceptable think time.
2026-09-27 11:23:36,521 [BombeRLeWorld] INFO: Agent <rule_based_agent_1> chose action DOWN in 0.00s.
2026-09-27 11:23:36,521 [BombeRLeWorld] INFO: Agent <rule_based_agent_1> stayed within acceptable think time.
2026-09-27 11:23:36,521 [BombeRLeWorld] INFO: Agent <rule_based_agent_0> chose action UP in 0.00s.
2026-09-27 11:23:36,521 [BombeRLeWorld] INFO: Agent <rule_based_agent_0> stayed within acceptable think time.
2026-09-27 11:23:36,616 [BombeRLeWorld] INFO: STARTING STEP 14
2026-09-27 11:23:36,626 [BombeRLeWorld] INFO: Agent <agent_1> chose action DOWN in 0.00s.
2026-09-27 11:23:36,627 [BombeRLeWorld] INFO: Agent <agent_1> stayed within acceptable think time.
2026-09-27 11:23:36,627 [BombeRLeWorld] INFO: Agent <rule_based_agent_1> chose action DOWN in 0.00s.
2026-09-27 11:23:36,627 [BombeRLeWorld] INFO: Agent <rule_based_agent_1> stayed within acceptable think time.
2026-09-27 11:23:36,627 [BombeRLeWorld] INFO: Agent <rule_based_agent_0> chose action UP in 0.00s.
2026-09-27 11:23:36,627 [BombeRLeWorld] INFO: Agent <rule_based_agent_0> stayed within acceptable think time.
2026-09-27 11:23:36,627 [BombeRLeWorld] INFO: Agent <rule_based_agent_2> chose action LEFT in 0.00s.
2026-09-27 11:23:36,627 [BombeRLeWorld] INFO: Agent <rule_based_agent_2> stayed within acceptable think time.
2026-09-27 11:23:36,627 [BombeRLeWorld] INFO: Agent <rule_based_agent_0>'s bomb at (np.int64(13), np.int64(15)) explodes
2026-09-27 11:23:36,627 [BombeRLeWorld] INFO: Agent <rule_based_agent_2>'s bomb at (np.int64(1), np.int64(14)) explodes
2026-09-27 11:23:36,627 [BombeRLeWorld] INFO: Agent <agent_1>'s bomb at (np.int64(3), np.int64(1)) explodes
2026-09-27 11:23:36,628 [BombeRLeWorld] INFO: Agent <rule_based_agent_1>'s bomb at (np.int64(14), np.int64(1)) explodes
2026-09-27 11:23:36,714 [BombeRLeWorld] INFO: STARTING STEP 15
2026-09-27 11:23:36,723 [BombeRLeWorld] INFO: Agent <rule_based_agent_1> chose action DOWN in 0.00s.
2026-09-27 11:23:36,723 [BombeRLeWorld] INFO: Agent <rule_based_agent_1> stayed within acceptable think time.
2026-09-27 11:23:36,723 [BombeRLeWorld] INFO: Agent <agent_1> chose action DOWN in 0.00s.
2026-09-27 11:23:36,723 [BombeRLeWorld] INFO: Agent <agent_1> stayed within acceptable think time.
2026-09-27 11:23:36,723 [BombeRLeWorld] INFO: Agent <rule_based_agent_0> chose action UP in 0.00s.
2026-09-27 11:23:36,723 [BombeRLeWorld] INFO: Agent <rule_based_agent_0> stayed within acceptable think time.
2026-09-27 11:23:36,723 [BombeRLeWorld] INFO: Agent <rule_based_agent_2> chose action RIGHT in 0.00s.
2026-09-27 11:23:36,723 [BombeRLeWorld] INFO: Agent <rule_based_agent_2> stayed within acceptable think time.
2026-09-27 11:23:36,814 [BombeRLeWorld] INFO: STARTING STEP 16
2026-09-27 11:23:36,820 [BombeRLeWorld] INFO: Agent <rule_based_agent_1> chose action DOWN in 0.00s.
2026-09-27 11:23:36,820 [BombeRLeWorld] INFO: Agent <rule_based_agent_1> stayed within acceptable think time.
2026-09-27 11:23:36,820 [BombeRLeWorld] INFO: Agent <rule_based_agent_0> chose action UP in 0.00s.
2026-09-27 11:23:36,820 [BombeRLeWorld] INFO: Agent <rule_based_agent_0> stayed within acceptable think time.
2026-09-27 11:23:36,820 [BombeRLeWorld] INFO: Agent <rule_based_agent_2> chose action UP in 0.00s.
2026-09-27 11:23:36,820 [BombeRLeWorld] INFO: Agent <rule_based_agent_2> stayed within acceptable think time.
2026-09-27 11:23:36,820 [BombeRLeWorld] INFO: Agent <agent_1> chose action DOWN in 0.00s.
2026-09-27 11:23:36,820 [BombeRLeWorld] INFO: Agent <agent_1> stayed within acceptable think time.
2026-09-27 11:23:36,914 [BombeRLeWorld] INFO: STARTING STEP 17
2026-09-27 11:23:36,919 [BombeRLeWorld] INFO: Agent <agent_1> chose action BOMB in 0.00s.
2026-09-27 11:23:36,919 [BombeRLeWorld] INFO: Agent <agent_1> stayed within acceptable think time.
2026-09-27 11:23:36,919 [BombeRLeWorld] INFO: Agent <agent_1> drops bomb at (np.int64(1), np.int64(5))
2026-09-27 11:23:36,919 [BombeRLeWorld] INFO: Agent <rule_based_agent_2> chose action UP in 0.00s.
2026-09-27 11:23:36,919 [BombeRLeWorld] INFO: Agent <rule_based_agent_2> stayed within acceptable think time.
2026-09-27 11:23:36,919 [BombeRLeWorld] INFO: Agent <rule_based_agent_0> chose action LEFT in 0.00s.
2026-09-27 11:23:36,919 [BombeRLeWorld] INFO: Agent <rule_based_agent_0> stayed within acceptable think time.
2026-09-27 11:23:36,919 [BombeRLeWorld] INFO: Agent <rule_based_agent_1> chose action DOWN in 0.00s.
2026-09-27 11:23:36,919 [BombeRLeWorld] INFO: Agent <rule_based_agent_1> stayed within acceptable think time.
2026-09-27 11:23:37,015 [BombeRLeWorld] INFO: STARTING STEP 18
2026-09-27 11:23:37,020 [BombeRLeWorld] INFO: Agent <rule_based_agent_1> chose action BOMB in 0.00s.
2026-09-27 11:23:37,020 [BombeRLeWorld] INFO: Agent <rule_based_agent_1> stayed within acceptable think time.
2026-09-27 11:23:37,020 [BombeRLeWorld] INFO: Agent <rule_based_agent_1> drops bomb at (np.int64(15), np.int64(7))
2026-09-27 11:23:37,020 [BombeRLeWorld] INFO: Agent <rule_based_agent_0> chose action BOMB in 0.00s.
2026-09-27 11:23:37,020 [BombeRLeWorld] INFO: Agent <rule_based_agent_0> stayed within acceptable think time.
2026-09-27 11:23:37,020 [BombeRLeWorld] INFO: Agent <rule_based_agent_0> drops bomb at (np.int64(14), np.int64(11))
2026-09-27 11:23:37,020 [BombeRLeWorld] INFO: Agent <agent_1> chose action UP in 0.00s.
2026-09-27 11:23:37,020 [BombeRLeWorld] INFO: Agent <agent_1> stayed within acceptable think time.
2026-09-27 11:23:37,020 [BombeRLeWorld] INFO: Agent <rule_based_agent_2> chose action RIGHT in 0.00s.
2026-09-27 11:23:37,020 [BombeRLeWorld] INFO: Agent <rule_based_agent_2> stayed within acceptable think time.
2026-09-27 11:23:37,115 [BombeRLeWorld] INFO: STARTING STEP 19
2026-09-27 11:23:37,120 [BombeRLeWorld] INFO: Agent <agent_1> chose action UP in 0.00s.
2026-09-27 11:23:37,120 [BombeRLeWorld] INFO: Agent <agent_1> stayed within acceptable think time.
2026-09-27 11:23:37,120 [BombeRLeWorld] INFO: Agent <rule_based_agent_1> chose action UP in 0.00s.
2026-09-27 11:23:37,120 [BombeRLeWorld] INFO: Agent <rule_based_agent_1> stayed within acceptable think time.
2026-09-27 11:23:37,121 [BombeRLeWorld] INFO: Agent <rule_based_agent_2> chose action BOMB in 0.00s.
2026-09-27 11:23:37,121 [BombeRLeWorld] INFO: Agent <rule_based_agent_2> stayed within acceptable think time.
2026-09-27 11:23:37,121 [BombeRLeWorld] INFO: Agent <rule_based_agent_2> drops bomb at (np.int64(4), np.int64(13))
2026-09-27 11:23:37,121 [BombeRLeWorld] INFO: Agent <rule_based_agent_0> chose action RIGHT in 0.00s.
2026-09-27 11:23:37,121 [BombeRLeWorld] INFO: Agent <rule_based_agent_0> stayed within acceptable think time.
2026-09-27 11:23:37,215 [BombeRLeWorld] INFO: STARTING STEP 20
2026-09-27 11:23:37,221 [BombeRLeWorld] INFO: Agent <rule_based_agent_1> chose action UP in 0.00s.
2026-09-27 11:23:37,221 [BombeRLeWorld] INFO: Agent <rule_based_agent_1> stayed within acceptable think time.
2026-09-27 11:23:37,221 [BombeRLeWorld] INFO: Agent <rule_based_agent_0> chose action DOWN in 0.00s.
2026-09-27 11:23:37,221 [BombeRLeWorld] INFO: Agent <rule_based_agent_0> stayed within acceptable think time.
2026-09-27 11:23:37,221 [BombeRLeWorld] INFO: Agent <agent_1> chose action RIGHT in 0.00s.
2026-09-27 11:23:37,221 [BombeRLeWorld] INFO: Agent <agent_1> stayed within acceptable think time.
2026-09-27 11:23:37,221 [BombeRLeWorld] INFO: Agent <rule_based_agent_2> chose action LEFT in 0.00s.
2026-09-27 11:23:37,221 [BombeRLeWorld] INFO: Agent <rule_based_agent_2> stayed within acceptable think time.
2026-09-27 11:23:37,316 [BombeRLeWorld] INFO: STARTING STEP 21
2026-09-27 11:23:37,322 [BombeRLeWorld] INFO: Agent <rule_based_agent_1> chose action UP in 0.00s.
2026-09-27 11:23:37,322 [BombeRLeWorld] INFO: Agent <rule_based_agent_1> stayed within acceptable think time.
2026-09-27 11:23:37,322 [BombeRLeWorld] INFO: Agent <rule_based_agent_2> chose action DOWN in 0.00s.
2026-09-27 11:23:37,322 [BombeRLeWorld] INFO: Agent <rule_based_agent_2> stayed within acceptable think time.
2026-09-27 11:23:37,322 [BombeRLeWorld] INFO: Agent <agent_1> chose action RIGHT in 0.00s.
2026-09-27 11:23:37,322 [BombeRLeWorld] INFO: Agent <agent_1> stayed within acceptable think time.
2026-09-27 11:23:37,322 [BombeRLeWorld] INFO: Agent <rule_based_agent_0> chose action DOWN in 0.00s.
2026-09-27 11:23:37,323 [BombeRLeWorld] INFO: Agent <rule_based_agent_0> stayed within acceptable think time.
2026-09-27 11:23:37,323 [BombeRLeWorld] INFO: Agent <agent_1>'s bomb at (np.int64(1), np.int64(5)) explodes
2026-09-27 11:23:37,416 [BombeRLeWorld] INFO: STARTING STEP 22
2026-09-27 11:23:37,425 [BombeRLeWorld] INFO: Agent <rule_based_agent_2> chose action DOWN in 0.00s.
2026-09-27 11:23:37,425 [BombeRLeWorld] INFO: Agent <rule_based_agent_2> stayed within acceptable think time.
2026-09-27 11:23:37,425 [BombeRLeWorld] INFO: Agent <rule_based_agent_1> chose action UP in 0.00s.
2026-09-27 11:23:37,425 [BombeRLeWorld] INFO: Agent <rule_based_agent_1> stayed within acceptable think time.
2026-09-27 11:23:37,425 [BombeRLeWorld] INFO: Agent <agent_1> chose action DOWN in 0.00s.
2026-09-27 11:23:37,425 [BombeRLeWorld] INFO: Agent <agent_1> stayed within acceptable think time.
2026-09-27 11:23:37,425 [BombeRLeWorld] INFO: Agent <rule_based_agent_0> chose action DOWN in 0.00s.
2026-09-27 11:23:37,425 [BombeRLeWorld] INFO: Agent <rule_based_agent_0> stayed within acceptable think time.
2026-09-27 11:23:37,426 [BombeRLeWorld] INFO: Agent <rule_based_agent_1>'s bomb at (np.int64(15), np.int64(7)) explodes
2026-09-27 11:23:37,426 [BombeRLeWorld] INFO: Agent <rule_based_agent_0>'s bomb at (np.int64(14), np.int64(11)) explodes
2026-09-27 11:23:37,517 [BombeRLeWorld] INFO: STARTING STEP 23
2026-09-27 11:23:37,527 [BombeRLeWorld] INFO: Agent <rule_based_agent_2> chose action LEFT in 0.00s.
2026-09-27 11:23:37,527 [BombeRLeWorld] INFO: Agent <rule_based_agent_2> stayed within acceptable think time.
2026-09-27 11:23:37,527 [BombeRLeWorld] INFO: Agent <rule_based_agent_1> chose action UP in 0.00s.
2026-09-27 11:23:37,527 [BombeRLeWorld] INFO: Agent <rule_based_agent_1> stayed within acceptable think time.
2026-09-27 11:23:37,527 [BombeRLeWorld] INFO: Agent <agent_1> chose action DOWN in 0.00s.
2026-09-27 11:23:37,527 [BombeRLeWorld] INFO: Agent <agent_1> stayed within acceptable think time.
2026-09-27 11:23:37,527 [BombeRLeWorld] INFO: Agent <rule_based_agent_0> chose action UP in 0.00s.
2026-09-27 11:23:37,527 [BombeRLeWorld] INFO: Agent <rule_based_agent_0> stayed within acceptable think time.
2026-09-27 11:23:37,527 [BombeRLeWorld] INFO: Agent <rule_based_agent_2>'s bomb at (np.int64(4), np.int64(13)) explodes
2026-09-27 11:23:37,617 [BombeRLeWorld] INFO: STARTING STEP 24
2026-09-27 11:23:37,625 [BombeRLeWorld] INFO: Agent <agent_1> chose action BOMB in 0.00s.
2026-09-27 11:23:37,625 [BombeRLeWorld] INFO: Agent <agent_1> stayed within acceptable think time.
2026-09-27 11:23:37,625 [BombeRLeWorld] INFO: Agent <agent_1> drops bomb at (np.int64(3), np.int64(5))
2026-09-27 11:23:37,625 [BombeRLeWorld] INFO: Agent <rule_based_agent_0> chose action UP in 0.00s.
2026-09-27 11:23:37,625 [BombeRLeWorld] INFO: Agent <rule_based_agent_0> stayed within acceptable think time.
2026-09-27 11:23:37,625 [BombeRLeWorld] INFO: Agent <rule_based_agent_1> chose action UP in 0.00s.
2026-09-27 11:23:37,625 [BombeRLeWorld] INFO: Agent <rule_based_agent_1> stayed within acceptable think time.
2026-09-27 11:23:37,625 [BombeRLeWorld] INFO: Agent <rule_based_agent_2> chose action RIGHT in 0.00s.
2026-09-27 11:23:37,625 [BombeRLeWorld] INFO: Agent <rule_based_agent_2> stayed within acceptable think time.
2026-09-27 11:23:37,718 [BombeRLeWorld] INFO: STARTING STEP 25
2026-09-27 11:23:37,724 [BombeRLeWorld] INFO: Agent <rule_based_agent_0> chose action UP in 0.00s.
2026-09-27 11:23:37,724 [BombeRLeWorld] INFO: Agent <rule_based_agent_0> stayed within acceptable think time.
2026-09-27 11:23:37,724 [BombeRLeWorld] INFO: Agent <agent_1> chose action LEFT in 0.00s.
2026-09-27 11:23:37,724 [BombeRLeWorld] INFO: Agent <agent_1> stayed within acceptable think time.
2026-09-27 11:23:37,724 [BombeRLeWorld] INFO: Agent <rule_based_agent_1> chose action LEFT in 0.00s.
2026-09-27 11:23:37,724 [BombeRLeWorld] INFO: Agent <rule_based_agent_1> stayed within acceptable think time.
2026-09-27 11:23:37,724 [BombeRLeWorld] INFO: Agent <rule_based_agent_2> chose action RIGHT in 0.00s.
2026-09-27 11:23:37,724 [BombeRLeWorld] INFO: Agent <rule_based_agent_2> stayed within acceptable think time.
2026-09-27 11:23:37,819 [BombeRLeWorld] INFO: STARTING STEP 26
2026-09-27 11:23:37,824 [BombeRLeWorld] INFO: Agent <agent_1> chose action LEFT in 0.00s.
2026-09-27 11:23:37,824 [BombeRLeWorld] INFO: Agent <agent_1> stayed within acceptable think time.
2026-09-27 11:23:37,824 [BombeRLeWorld] INFO: Agent <rule_based_agent_2> chose action RIGHT in 0.00s.
2026-09-27 11:23:37,824 [BombeRLeWorld] INFO: Agent <rule_based_agent_2> stayed within acceptable think time.
2026-09-27 11:23:37,824 [BombeRLeWorld] INFO: Agent <rule_based_agent_1> chose action LEFT in 0.00s.
2026-09-27 11:23:37,824 [BombeRLeWorld] INFO: Agent <rule_based_agent_1> stayed within acceptable think time.
2026-09-27 11:23:37,824 [BombeRLeWorld] INFO: Agent <rule_based_agent_0> chose action UP in 0.00s.
2026-09-27 11:23:37,824 [BombeRLeWorld] INFO: Agent <rule_based_agent_0> stayed within acceptable think time.
2026-09-27 11:23:37,918 [BombeRLeWorld] INFO: STARTING STEP 27
2026-09-27 11:23:37,923 [BombeRLeWorld] INFO: Agent <rule_based_agent_1> chose action LEFT in 0.00s.
2026-09-27 11:23:37,923 [BombeRLeWorld] INFO: Agent <rule_based_agent_1> stayed within acceptable think time.
2026-09-27 11:23:37,923 [BombeRLeWorld] INFO: Agent <rule_based_agent_0> chose action UP in 0.00s.
2026-09-27 11:23:37,923 [BombeRLeWorld] INFO: Agent <rule_based_agent_0> stayed within acceptable think time.
2026-09-27 11:23:37,923 [BombeRLeWorld] INFO: Agent <rule_based_agent_2> chose action RIGHT in 0.00s.
2026-09-27 11:23:37,923 [BombeRLeWorld] INFO: Agent <rule_based_agent_2> stayed within acceptable think time.
2026-09-27 11:23:37,923 [BombeRLeWorld] INFO: Agent <agent_1> chose action DOWN in 0.00s.
2026-09-27 11:23:37,923 [BombeRLeWorld] INFO: Agent <agent_1> stayed within acceptable think time.
2026-09-27 11:23:38,019 [BombeRLeWorld] INFO: STARTING STEP 28
2026-09-27 11:23:38,024 [BombeRLeWorld] INFO: Agent <rule_based_agent_1> chose action LEFT in 0.00s.
2026-09-27 11:23:38,024 [BombeRLeWorld] INFO: Agent <rule_based_agent_1> stayed within acceptable think time.
2026-09-27 11:23:38,024 [BombeRLeWorld] INFO: Agent <rule_based_agent_0> chose action LEFT in 0.00s.
2026-09-27 11:23:38,024 [BombeRLeWorld] INFO: Agent <rule_based_agent_0> stayed within acceptable think time.
2026-09-27 11:23:38,024 [BombeRLeWorld] INFO: Agent <agent_1> chose action DOWN in 0.00s.
2026-09-27 11:23:38,024 [BombeRLeWorld] INFO: Agent <agent_1> stayed within acceptable think time.
2026-09-27 11:23:38,024 [BombeRLeWorld] INFO: Agent <rule_based_agent_2> chose action RIGHT in 0.00s.
2026-09-27 11:23:38,024 [BombeRLeWorld] INFO: Agent <rule_based_agent_2> stayed within acceptable think time.
2026-09-27 11:23:38,024 [BombeRLeWorld] INFO: Agent <agent_1>'s bomb at (np.int64(3), np.int64(5)) explodes
2026-09-27 11:23:38,119 [BombeRLeWorld] INFO: STARTING STEP 29
2026-09-27 11:23:38,124 [BombeRLeWorld] INFO: Agent <rule_based_agent_0> chose action BOMB in 0.00s.
2026-09-27 11:23:38,124 [BombeRLeWorld] INFO: Agent <rule_based_agent_0> stayed within acceptable think time.
2026-09-27 11:23:38,124 [BombeRLeWorld] INFO: Agent <rule_based_agent_0> drops bomb at (np.int64(14), np.int64(9))
2026-09-27 11:23:38,124 [BombeRLeWorld] INFO: Agent <rule_based_agent_2> chose action BOMB in 0.00s.
2026-09-27 11:23:38,124 [BombeRLeWorld] INFO: Agent <rule_based_agent_2> stayed within acceptable think time.
2026-09-27 11:23:38,124 [BombeRLeWorld] INFO: Agent <rule_based_agent_2> drops bomb at (np.int64(7), np.int64(15))
2026-09-27 11:23:38,124 [BombeRLeWorld] INFO: Agent <rule_based_agent_1> chose action BOMB in 0.00s.
2026-09-27 11:23:38,124 [BombeRLeWorld] INFO: Agent <rule_based_agent_1> stayed within acceptable think time.
2026-09-27 11:23:38,124 [BombeRLeWorld] INFO: Agent <rule_based_agent_1> drops bomb at (np.int64(11), np.int64(1))
2026-09-27 11:23:38,124 [BombeRLeWorld] INFO: Agent <agent_1> chose action DOWN in 0.00s.
2026-09-27 11:23:38,124 [BombeRLeWorld] INFO: Agent <agent_1> stayed within acceptable think time.
2026-09-27 11:23:38,219 [BombeRLeWorld] INFO: STARTING STEP 30
2026-09-27 11:23:38,226 [BombeRLeWorld] INFO: Agent <rule_based_agent_2> chose action LEFT in 0.00s.
2026-09-27 11:23:38,226 [BombeRLeWorld] INFO: Agent <rule_based_agent_2> stayed within acceptable think time.
2026-09-27 11:23:38,226 [BombeRLeWorld] INFO: Agent <agent_1> chose action UP in 0.00s.
2026-09-27 11:23:38,227 [BombeRLeWorld] INFO: Agent <agent_1> stayed within acceptable think time.
2026-09-27 11:23:38,227 [BombeRLeWorld] INFO: Agent <rule_based_agent_0> chose action RIGHT in 0.00s.
2026-09-27 11:23:38,227 [BombeRLeWorld] INFO: Agent <rule_based_agent_0> stayed within acceptable think time.
2026-09-27 11:23:38,227 [BombeRLeWorld] INFO: Agent <rule_based_agent_1> chose action RIGHT in 0.00s.
2026-09-27 11:23:38,227 [BombeRLeWorld] INFO: Agent <rule_based_agent_1> stayed within acceptable think time.
2026-09-27 11:23:38,320 [BombeRLeWorld] INFO: STARTING STEP 31
2026-09-27 11:23:38,328 [BombeRLeWorld] INFO: Agent <agent_1> chose action BOMB in 0.00s.
2026-09-27 11:23:38,328 [BombeRLeWorld] INFO: Agent <agent_1> stayed within acceptable think time.
2026-09-27 11:23:38,328 [BombeRLeWorld] INFO: Agent <agent_1> drops bomb at (np.int64(1), np.int64(7))
2026-09-27 11:23:38,328 [BombeRLeWorld] INFO: Agent <rule_based_agent_1> chose action RIGHT in 0.00s.
2026-09-27 11:23:38,328 [BombeRLeWorld] INFO: Agent <rule_based_agent_1> stayed within acceptable think time.
2026-09-27 11:23:38,328 [BombeRLeWorld] INFO: Agent <rule_based_agent_2> chose action LEFT in 0.00s.
2026-09-27 11:23:38,328 [BombeRLeWorld] INFO: Agent <rule_based_agent_2> stayed within acceptable think time.
2026-09-27 11:23:38,328 [BombeRLeWorld] INFO: Agent <rule_based_agent_0> chose action DOWN in 0.00s.
2026-09-27 11:23:38,328 [BombeRLeWorld] INFO: Agent <rule_based_agent_0> stayed within acceptable think time.
2026-09-27 11:23:38,421 [BombeRLeWorld] INFO: STARTING STEP 32
2026-09-27 11:23:38,428 [BombeRLeWorld] INFO: Agent <agent_1> chose action UP in 0.00s.
2026-09-27 11:23:38,428 [BombeRLeWorld] INFO: Agent <agent_1> stayed within acceptable think time.
2026-09-27 11:23:38,428 [BombeRLeWorld] INFO: Agent <rule_based_agent_1> chose action RIGHT in 0.00s.
2026-09-27 11:23:38,428 [BombeRLeWorld] INFO: Agent <rule_based_agent_1> stayed within acceptable think time.
2026-09-27 11:23:38,428 [BombeRLeWorld] INFO: Agent <rule_based_agent_0> chose action DOWN in 0.00s.
2026-09-27 11:23:38,428 [BombeRLeWorld] INFO: Agent <rule_based_agent_0> stayed within acceptable think time.
2026-09-27 11:23:38,428 [BombeRLeWorld] INFO: Agent <rule_based_agent_2> chose action LEFT in 0.00s.
2026-09-27 11:23:38,428 [BombeRLeWorld] INFO: Agent <rule_based_agent_2> stayed within acceptable think time.
2026-09-27 11:23:38,520 [BombeRLeWorld] INFO: STARTING STEP 33
2026-09-27 11:23:38,527 [BombeRLeWorld] INFO: Agent <agent_1> chose action UP in 0.00s.
2026-09-27 11:23:38,527 [BombeRLeWorld] INFO: Agent <agent_1> stayed within acceptable think time.
2026-09-27 11:23:38,527 [BombeRLeWorld] INFO: Agent <rule_based_agent_1> chose action RIGHT in 0.00s.
2026-09-27 11:23:38,527 [BombeRLeWorld] INFO: Agent <rule_based_agent_1> stayed within acceptable think time.
2026-09-27 11:23:38,528 [BombeRLeWorld] INFO: Agent <rule_based_agent_2> chose action LEFT in 0.00s.
2026-09-27 11:23:38,528 [BombeRLeWorld] INFO: Agent <rule_based_agent_2> stayed within acceptable think time.
2026-09-27 11:23:38,528 [BombeRLeWorld] INFO: Agent <rule_based_agent_0> chose action DOWN in 0.00s.
2026-09-27 11:23:38,528 [BombeRLeWorld] INFO: Agent <rule_based_agent_0> stayed within acceptable think time.
2026-09-27 11:23:38,528 [BombeRLeWorld] INFO: Agent <rule_based_agent_0>'s bomb at (np.int64(14), np.int64(9)) explodes
2026-09-27 11:23:38,528 [BombeRLeWorld] INFO: Coin found at (np.int64(12), np.int64(9))
2026-09-27 11:23:38,528 [BombeRLeWorld] INFO: Coin found at (np.int64(11), np.int64(9))
2026-09-27 11:23:38,528 [BombeRLeWorld] INFO: Agent <rule_based_agent_2>'s bomb at (np.int64(7), np.int64(15)) explodes
2026-09-27 11:23:38,528 [BombeRLeWorld] INFO: Agent <rule_based_agent_1>'s bomb at (np.int64(11), np.int64(1)) explodes
2026-09-27 11:23:38,528 [BombeRLeWorld] INFO: Coin found at (np.int64(10), np.int64(1))
2026-09-27 11:23:38,621 [BombeRLeWorld] INFO: STARTING STEP 34
2026-09-27 11:23:38,628 [BombeRLeWorld] INFO: Agent <rule_based_agent_2> chose action UP in 0.00s.
2026-09-27 11:23:38,628 [BombeRLeWorld] INFO: Agent <rule_based_agent_2> stayed within acceptable think time.
2026-09-27 11:23:38,628 [BombeRLeWorld] INFO: Agent <rule_based_agent_0> chose action UP in 0.00s.
2026-09-27 11:23:38,628 [BombeRLeWorld] INFO: Agent <rule_based_agent_0> stayed within acceptable think time.
2026-09-27 11:23:38,629 [BombeRLeWorld] INFO: Agent <agent_1> chose action RIGHT in 0.00s.
2026-09-27 11:23:38,629 [BombeRLeWorld] INFO: Agent <agent_1> stayed within acceptable think time.
2026-09-27 11:23:38,629 [BombeRLeWorld] INFO: Agent <rule_based_agent_1> chose action DOWN in 0.00s.
2026-09-27 11:23:38,629 [BombeRLeWorld] INFO: Agent <rule_based_agent_1> stayed within acceptable think time.
2026-09-27 11:23:38,721 [BombeRLeWorld] INFO: STARTING STEP 35
2026-09-27 11:23:38,730 [BombeRLeWorld] INFO: Agent <rule_based_agent_2> chose action UP in 0.00s.
2026-09-27 11:23:38,730 [BombeRLeWorld] INFO: Agent <rule_based_agent_2> stayed within acceptable think time.
2026-09-27 11:23:38,730 [BombeRLeWorld] INFO: Agent <rule_based_agent_0> chose action LEFT in 0.00s.
2026-09-27 11:23:38,730 [BombeRLeWorld] INFO: Agent <rule_based_agent_0> stayed within acceptable think time.
2026-09-27 11:23:38,730 [BombeRLeWorld] INFO: Agent <agent_1> chose action RIGHT in 0.00s.
2026-09-27 11:23:38,730 [BombeRLeWorld] INFO: Agent <agent_1> stayed within acceptable think time.
2026-09-27 11:23:38,730 [BombeRLeWorld] INFO: Agent <rule_based_agent_1> chose action UP in 0.00s.
2026-09-27 11:23:38,730 [BombeRLeWorld] INFO: Agent <rule_based_agent_1> stayed within acceptable think time.
2026-09-27 11:23:38,731 [BombeRLeWorld] INFO: Agent <agent_1>'s bomb at (np.int64(1), np.int64(7)) explodes
2026-09-27 11:23:38,822 [BombeRLeWorld] INFO: STARTING STEP 36
2026-09-27 11:23:38,831 [BombeRLeWorld] INFO: Agent <rule_based_agent_2> chose action RIGHT in 0.00s.
2026-09-27 11:23:38,831 [BombeRLeWorld] INFO: Agent <rule_based_agent_2> stayed within acceptable think time.
2026-09-27 11:23:38,831 [BombeRLeWorld] INFO: Agent <agent_1> chose action DOWN in 0.00s.
2026-09-27 11:23:38,831 [BombeRLeWorld] INFO: Agent <agent_1> stayed within acceptable think time.
2026-09-27 11:23:38,831 [BombeRLeWorld] INFO: Agent <rule_based_agent_1> chose action LEFT in 0.00s.
2026-09-27 11:23:38,831 [BombeRLeWorld] INFO: Agent <rule_based_agent_1> stayed within acceptable think time.
2026-09-27 11:23:38,831 [BombeRLeWorld] INFO: Agent <rule_based_agent_0> chose action LEFT in 0.00s.
2026-09-27 11:23:38,831 [BombeRLeWorld] INFO: Agent <rule_based_agent_0> stayed within acceptable think time.
2026-09-27 11:23:38,922 [BombeRLeWorld] INFO: STARTING STEP 37
2026-09-27 11:23:38,930 [BombeRLeWorld] INFO: Agent <rule_based_agent_0> chose action LEFT in 0.00s.
2026-09-27 11:23:38,930 [BombeRLeWorld] INFO: Agent <rule_based_agent_0> stayed within acceptable think time.
2026-09-27 11:23:38,930 [BombeRLeWorld] INFO: Agent <agent_1> chose action DOWN in 0.00s.
2026-09-27 11:23:38,930 [BombeRLeWorld] INFO: Agent <agent_1> stayed within acceptable think time.
2026-09-27 11:23:38,930 [BombeRLeWorld] INFO: Agent <rule_based_agent_1> chose action LEFT in 0.00s.
2026-09-27 11:23:38,930 [BombeRLeWorld] INFO: Agent <rule_based_agent_1> stayed within acceptable think time.
2026-09-27 11:23:38,930 [BombeRLeWorld] INFO: Agent <rule_based_agent_2> chose action RIGHT in 0.00s.
2026-09-27 11:23:38,930 [BombeRLeWorld] INFO: Agent <rule_based_agent_2> stayed within acceptable think time.
2026-09-27 11:23:39,024 [BombeRLeWorld] INFO: STARTING STEP 38
2026-09-27 11:23:39,031 [BombeRLeWorld] INFO: Agent <rule_based_agent_2> chose action RIGHT in 0.00s.
2026-09-27 11:23:39,031 [BombeRLeWorld] INFO: Agent <rule_based_agent_2> stayed within acceptable think time.
2026-09-27 11:23:39,031 [BombeRLeWorld] INFO: Agent <rule_based_agent_0> chose action LEFT in 0.00s.
2026-09-27 11:23:39,031 [BombeRLeWorld] INFO: Agent <rule_based_agent_0> stayed within acceptable think time.
2026-09-27 11:23:39,032 [BombeRLeWorld] INFO: Agent <agent_1> chose action BOMB in 0.00s.
2026-09-27 11:23:39,032 [BombeRLeWorld] INFO: Agent <agent_1> stayed within acceptable think time.
2026-09-27 11:23:39,032 [BombeRLeWorld] INFO: Agent <agent_1> drops bomb at (np.int64(3), np.int64(7))
2026-09-27 11:23:39,032 [BombeRLeWorld] INFO: Agent <rule_based_agent_1> chose action LEFT in 0.00s.
2026-09-27 11:23:39,032 [BombeRLeWorld] INFO: Agent <rule_based_agent_1> stayed within acceptable think time.
2026-09-27 11:23:39,124 [BombeRLeWorld] INFO: STARTING STEP 39
2026-09-27 11:23:39,131 [BombeRLeWorld] INFO: Agent <rule_based_agent_2> chose action RIGHT in 0.00s.
2026-09-27 11:23:39,131 [BombeRLeWorld] INFO: Agent <rule_based_agent_2> stayed within acceptable think time.
2026-09-27 11:23:39,131 [BombeRLeWorld] INFO: Agent <agent_1> chose action LEFT in 0.00s.
2026-09-27 11:23:39,131 [BombeRLeWorld] INFO: Agent <agent_1> stayed within acceptable think time.
2026-09-27 11:23:39,132 [BombeRLeWorld] INFO: Agent <rule_based_agent_1> chose action LEFT in 0.00s.
2026-09-27 11:23:39,132 [BombeRLeWorld] INFO: Agent <rule_based_agent_1> stayed within acceptable think time.
2026-09-27 11:23:39,132 [BombeRLeWorld] INFO: Agent <rule_based_agent_0> chose action BOMB in 0.00s.
2026-09-27 11:23:39,132 [BombeRLeWorld] INFO: Agent <rule_based_agent_0> stayed within acceptable think time.
2026-09-27 11:23:39,132 [BombeRLeWorld] INFO: Agent <rule_based_agent_0> drops bomb at (np.int64(11), np.int64(11))
2026-09-27 11:23:39,223 [BombeRLeWorld] INFO: STARTING STEP 40
2026-09-27 11:23:39,229 [BombeRLeWorld] INFO: Agent <rule_based_agent_1> chose action LEFT in 0.00s.
2026-09-27 11:23:39,229 [BombeRLeWorld] INFO: Agent <rule_based_agent_1> stayed within acceptable think time.
2026-09-27 11:23:39,230 [BombeRLeWorld] INFO: Agent <agent_1> chose action LEFT in 0.00s.
2026-09-27 11:23:39,230 [BombeRLeWorld] INFO: Agent <agent_1> stayed within acceptable think time.
2026-09-27 11:23:39,230 [BombeRLeWorld] INFO: Agent <rule_based_agent_2> chose action UP in 0.00s.
2026-09-27 11:23:39,230 [BombeRLeWorld] INFO: Agent <rule_based_agent_2> stayed within acceptable think time.
2026-09-27 11:23:39,230 [BombeRLeWorld] INFO: Agent <rule_based_agent_0> chose action RIGHT in 0.00s.
2026-09-27 11:23:39,230 [BombeRLeWorld] INFO: Agent <rule_based_agent_0> stayed within acceptable think time.
2026-09-27 11:23:39,230 [BombeRLeWorld] INFO: Agent <rule_based_agent_1> picked up coin at (np.int64(10), np.int64(1)) and receives 1 point
2026-09-27 11:23:39,325 [BombeRLeWorld] INFO: STARTING STEP 41
2026-09-27 11:23:39,333 [BombeRLeWorld] INFO: Agent <rule_based_agent_0> chose action RIGHT in 0.00s.
2026-09-27 11:23:39,334 [BombeRLeWorld] INFO: Agent <rule_based_agent_0> stayed within acceptable think time.
2026-09-27 11:23:39,334 [BombeRLeWorld] INFO: Agent <agent_1> chose action DOWN in 0.00s.
2026-09-27 11:23:39,334 [BombeRLeWorld] INFO: Agent <agent_1> stayed within acceptable think time.
2026-09-27 11:23:39,334 [BombeRLeWorld] INFO: Agent <rule_based_agent_2> chose action BOMB in 0.00s.
2026-09-27 11:23:39,334 [BombeRLeWorld] INFO: Agent <rule_based_agent_2> stayed within acceptable think time.
2026-09-27 11:23:39,334 [BombeRLeWorld] INFO: Agent <rule_based_agent_2> drops bomb at (np.int64(7), np.int64(12))
2026-09-27 11:23:39,334 [BombeRLeWorld] INFO: Agent <rule_based_agent_1> chose action LEFT in 0.00s.
2026-09-27 11:23:39,334 [BombeRLeWorld] INFO: Agent <rule_based_agent_1> stayed within acceptable think time.
2026-09-27 11:23:39,425 [BombeRLeWorld] INFO: STARTING STEP 42
2026-09-27 11:23:39,433 [BombeRLeWorld] INFO: Agent <rule_based_agent_1> chose action DOWN in 0.00s.
2026-09-27 11:23:39,433 [BombeRLeWorld] INFO: Agent <rule_based_agent_1> stayed within acceptable think time.
2026-09-27 11:23:39,433 [BombeRLeWorld] INFO: Agent <rule_based_agent_0> chose action DOWN in 0.00s.
2026-09-27 11:23:39,433 [BombeRLeWorld] INFO: Agent <rule_based_agent_0> stayed within acceptable think time.
2026-09-27 11:23:39,433 [BombeRLeWorld] INFO: Agent <agent_1> chose action DOWN in 0.00s.
2026-09-27 11:23:39,433 [BombeRLeWorld] INFO: Agent <agent_1> stayed within acceptable think time.
2026-09-27 11:23:39,433 [BombeRLeWorld] INFO: Agent <rule_based_agent_2> chose action DOWN in 0.00s.
2026-09-27 11:23:39,433 [BombeRLeWorld] INFO: Agent <rule_based_agent_2> stayed within acceptable think time.
2026-09-27 11:23:39,433 [BombeRLeWorld] INFO: Agent <agent_1>'s bomb at (np.int64(3), np.int64(7)) explodes
2026-09-27 11:23:39,527 [BombeRLeWorld] INFO: STARTING STEP 43
2026-09-27 11:23:39,537 [BombeRLeWorld] INFO: Agent <rule_based_agent_2> chose action LEFT in 0.00s.
2026-09-27 11:23:39,537 [BombeRLeWorld] INFO: Agent <rule_based_agent_2> stayed within acceptable think time.
2026-09-27 11:23:39,537 [BombeRLeWorld] INFO: Agent <rule_based_agent_1> chose action BOMB in 0.00s.
2026-09-27 11:23:39,537 [BombeRLeWorld] INFO: Agent <rule_based_agent_1> stayed within acceptable think time.
2026-09-27 11:23:39,537 [BombeRLeWorld] INFO: Agent <rule_based_agent_1> drops bomb at (np.int64(9), np.int64(2))
2026-09-27 11:23:39,537 [BombeRLeWorld] INFO: Agent <rule_based_agent_0> chose action DOWN in 0.00s.
2026-09-27 11:23:39,537 [BombeRLeWorld] INFO: Agent <rule_based_agent_0> stayed within acceptable think time.
2026-09-27 11:23:39,538 [BombeRLeWorld] INFO: Agent <agent_1> chose action DOWN in 0.00s.
2026-09-27 11:23:39,538 [BombeRLeWorld] INFO: Agent <agent_1> stayed within acceptable think time.
2026-09-27 11:23:39,538 [BombeRLeWorld] INFO: Agent <rule_based_agent_0>'s bomb at (np.int64(11), np.int64(11)) explodes
2026-09-27 11:23:39,628 [BombeRLeWorld] INFO: STARTING STEP 44
2026-09-27 11:23:39,637 [BombeRLeWorld] INFO: Agent <rule_based_agent_2> chose action LEFT in 0.00s.
2026-09-27 11:23:39,637 [BombeRLeWorld] INFO: Agent <rule_based_agent_2> stayed within acceptable think time.
2026-09-27 11:23:39,637 [BombeRLeWorld] INFO: Agent <agent_1> chose action DOWN in 0.00s.
2026-09-27 11:23:39,637 [BombeRLeWorld] INFO: Agent <agent_1> stayed within acceptable think time.
2026-09-27 11:23:39,637 [BombeRLeWorld] INFO: Agent <rule_based_agent_0> chose action LEFT in 0.00s.
2026-09-27 11:23:39,637 [BombeRLeWorld] INFO: Agent <rule_based_agent_0> stayed within acceptable think time.
2026-09-27 11:23:39,637 [BombeRLeWorld] INFO: Agent <rule_based_agent_1> chose action UP in 0.00s.
2026-09-27 11:23:39,637 [BombeRLeWorld] INFO: Agent <rule_based_agent_1> stayed within acceptable think time.
2026-09-27 11:23:39,728 [BombeRLeWorld] INFO: STARTING STEP 45
2026-09-27 11:23:39,737 [BombeRLeWorld] INFO: Agent <agent_1> chose action BOMB in 0.00s.
2026-09-27 11:23:39,737 [BombeRLeWorld] INFO: Agent <agent_1> stayed within acceptable think time.
2026-09-27 11:23:39,737 [BombeRLeWorld] INFO: Agent <agent_1> drops bomb at (np.int64(1), np.int64(11))
2026-09-27 11:23:39,737 [BombeRLeWorld] INFO: Agent <rule_based_agent_1> chose action RIGHT in 0.00s.
2026-09-27 11:23:39,737 [BombeRLeWorld] INFO: Agent <rule_based_agent_1> stayed within acceptable think time.
2026-09-27 11:23:39,737 [BombeRLeWorld] INFO: Agent <rule_based_agent_0> chose action LEFT in 0.00s.
2026-09-27 11:23:39,737 [BombeRLeWorld] INFO: Agent <rule_based_agent_0> stayed within acceptable think time.
2026-09-27 11:23:39,737 [BombeRLeWorld] INFO: Agent <rule_based_agent_2> chose action LEFT in 0.00s.
2026-09-27 11:23:39,737 [BombeRLeWorld] INFO: Agent <rule_based_agent_2> stayed within acceptable think time.
2026-09-27 11:23:39,737 [BombeRLeWorld] INFO: Agent <rule_based_agent_2>'s bomb at (np.int64(7), np.int64(12)) explodes
2026-09-27 11:23:39,829 [BombeRLeWorld] INFO: STARTING STEP 46
2026-09-27 11:23:39,837 [BombeRLeWorld] INFO: Agent <rule_based_agent_0> chose action LEFT in 0.00s.
2026-09-27 11:23:39,837 [BombeRLeWorld] INFO: Agent <rule_based_agent_0> stayed within acceptable think time.
2026-09-27 11:23:39,837 [BombeRLeWorld] INFO: Agent <rule_based_agent_2> chose action RIGHT in 0.00s.
2026-09-27 11:23:39,837 [BombeRLeWorld] INFO: Agent <rule_based_agent_2> stayed within acceptable think time.
2026-09-27 11:23:39,837 [BombeRLeWorld] INFO: Agent <agent_1> chose action DOWN in 0.00s.
2026-09-27 11:23:39,837 [BombeRLeWorld] INFO: Agent <agent_1> stayed within acceptable think time.
2026-09-27 11:23:39,837 [BombeRLeWorld] INFO: Agent <rule_based_agent_1> chose action LEFT in 0.00s.
2026-09-27 11:23:39,837 [BombeRLeWorld] INFO: Agent <rule_based_agent_1> stayed within acceptable think time.
2026-09-27 11:23:39,928 [BombeRLeWorld] INFO: STARTING STEP 47
2026-09-27 11:23:39,933 [BombeRLeWorld] INFO: Agent <agent_1> chose action DOWN in 0.00s.
2026-09-27 11:23:39,933 [BombeRLeWorld] INFO: Agent <agent_1> stayed within acceptable think time.
2026-09-27 11:23:39,934 [BombeRLeWorld] INFO: Agent <rule_based_agent_0> chose action LEFT in 0.00s.
2026-09-27 11:23:39,934 [BombeRLeWorld] INFO: Agent <rule_based_agent_0> stayed within acceptable think time.
2026-09-27 11:23:39,934 [BombeRLeWorld] INFO: Agent <rule_based_agent_1> chose action RIGHT in 0.00s.
2026-09-27 11:23:39,934 [BombeRLeWorld] INFO: Agent <rule_based_agent_1> stayed within acceptable think time.
2026-09-27 11:23:39,934 [BombeRLeWorld] INFO: Agent <rule_based_agent_2> chose action LEFT in 0.00s.
2026-09-27 11:23:39,934 [BombeRLeWorld] INFO: Agent <rule_based_agent_2> stayed within acceptable think time.
2026-09-27 11:23:39,934 [BombeRLeWorld] INFO: Agent <rule_based_agent_1>'s bomb at (np.int64(9), np.int64(2)) explodes
2026-09-27 11:23:40,029 [BombeRLeWorld] INFO: STARTING STEP 48
2026-09-27 11:23:40,035 [BombeRLeWorld] INFO: Agent <rule_based_agent_1> chose action RIGHT in 0.00s.
2026-09-27 11:23:40,035 [BombeRLeWorld] INFO: Agent <rule_based_agent_1> stayed within acceptable think time.
2026-09-27 11:23:40,035 [BombeRLeWorld] INFO: Agent <rule_based_agent_2> chose action LEFT in 0.00s.
2026-09-27 11:23:40,035 [BombeRLeWorld] INFO: Agent <rule_based_agent_2> stayed within acceptable think time.
2026-09-27 11:23:40,035 [BombeRLeWorld] INFO: Agent <rule_based_agent_0> chose action BOMB in 0.00s.
2026-09-27 11:23:40,036 [BombeRLeWorld] INFO: Agent <rule_based_agent_0> stayed within acceptable think time.
2026-09-27 11:23:40,036 [BombeRLeWorld] INFO: Agent <rule_based_agent_0> drops bomb at (np.int64(9), np.int64(13))
2026-09-27 11:23:40,036 [BombeRLeWorld] INFO: Agent <agent_1> chose action RIGHT in 0.00s.
2026-09-27 11:23:40,036 [BombeRLeWorld] INFO: Agent <agent_1> stayed within acceptable think time.
2026-09-27 11:23:40,129 [BombeRLeWorld] INFO: STARTING STEP 49
2026-09-27 11:23:40,135 [BombeRLeWorld] INFO: Agent <rule_based_agent_2> chose action BOMB in 0.00s.
2026-09-27 11:23:40,135 [BombeRLeWorld] INFO: Agent <rule_based_agent_2> stayed within acceptable think time.
2026-09-27 11:23:40,135 [BombeRLeWorld] INFO: Agent <rule_based_agent_2> drops bomb at (np.int64(3), np.int64(13))
2026-09-27 11:23:40,135 [BombeRLeWorld] INFO: Agent <rule_based_agent_1> chose action LEFT in 0.00s.
2026-09-27 11:23:40,135 [BombeRLeWorld] INFO: Agent <rule_based_agent_1> stayed within acceptable think time.
2026-09-27 11:23:40,135 [BombeRLeWorld] INFO: Agent <agent_1> chose action WAIT in 0.00s.
2026-09-27 11:23:40,135 [BombeRLeWorld] INFO: Agent <agent_1> stayed within acceptable think time.
2026-09-27 11:23:40,135 [BombeRLeWorld] INFO: Agent <rule_based_agent_0> chose action RIGHT in 0.00s.
2026-09-27 11:23:40,135 [BombeRLeWorld] INFO: Agent <rule_based_agent_0> stayed within acceptable think time.
2026-09-27 11:23:40,135 [BombeRLeWorld] INFO: Agent <agent_1>'s bomb at (np.int64(1), np.int64(11)) explodes
2026-09-27 11:23:40,135 [BombeRLeWorld] INFO: Coin found at (np.int64(4), np.int64(11))
2026-09-27 11:23:40,229 [BombeRLeWorld] INFO: STARTING STEP 50
2026-09-27 11:23:40,237 [BombeRLeWorld] INFO: Agent <agent_1> chose action WAIT in 0.00s.
2026-09-27 11:23:40,237 [BombeRLeWorld] INFO: Agent <agent_1> stayed within acceptable think time.
2026-09-27 11:23:40,237 [BombeRLeWorld] INFO: Agent <rule_based_agent_0> chose action RIGHT in 0.00s.
2026-09-27 11:23:40,237 [BombeRLeWorld] INFO: Agent <rule_based_agent_0> stayed within acceptable think time.
2026-09-27 11:23:40,237 [BombeRLeWorld] INFO: Agent <rule_based_agent_1> chose action LEFT in 0.00s.
2026-09-27 11:23:40,237 [BombeRLeWorld] INFO: Agent <rule_based_agent_1> stayed within acceptable think time.
2026-09-27 11:23:40,237 [BombeRLeWorld] INFO: Agent <rule_based_agent_2> chose action DOWN in 0.00s.
2026-09-27 11:23:40,237 [BombeRLeWorld] INFO: Agent <rule_based_agent_2> stayed within acceptable think time.
2026-09-27 11:23:40,330 [BombeRLeWorld] INFO: STARTING STEP 51
2026-09-27 11:23:40,338 [BombeRLeWorld] INFO: Agent <agent_1> chose action LEFT in 0.00s.
2026-09-27 11:23:40,338 [BombeRLeWorld] INFO: Agent <agent_1> stayed within acceptable think time.
2026-09-27 11:23:40,338 [BombeRLeWorld] INFO: Agent <rule_based_agent_1> chose action LEFT in 0.00s.
2026-09-27 11:23:40,338 [BombeRLeWorld] INFO: Agent <rule_based_agent_1> stayed within acceptable think time.
2026-09-27 11:23:40,338 [BombeRLeWorld] INFO: Agent <rule_based_agent_2> chose action DOWN in 0.00s.
2026-09-27 11:23:40,338 [BombeRLeWorld] INFO: Agent <rule_based_agent_2> stayed within acceptable think time.
2026-09-27 11:23:40,338 [BombeRLeWorld] INFO: Agent <rule_based_agent_0> chose action DOWN in 0.00s.
2026-09-27 11:23:40,338 [BombeRLeWorld] INFO: Agent <rule_based_agent_0> stayed within acceptable think time.
2026-09-27 11:23:40,431 [BombeRLeWorld] INFO: STARTING STEP 52
2026-09-27 11:23:40,440 [BombeRLeWorld] INFO: Agent <agent_1> chose action UP in 0.00s.
2026-09-27 11:23:40,440 [BombeRLeWorld] INFO: Agent <agent_1> stayed within acceptable think time.
2026-09-27 11:23:40,440 [BombeRLeWorld] INFO: Agent <rule_based_agent_0> chose action DOWN in 0.00s.
2026-09-27 11:23:40,440 [BombeRLeWorld] INFO: Agent <rule_based_agent_0> stayed within acceptable think time.
2026-09-27 11:23:40,440 [BombeRLeWorld] INFO: Agent <rule_based_agent_2> chose action RIGHT in 0.00s.
2026-09-27 11:23:40,440 [BombeRLeWorld] INFO: Agent <rule_based_agent_2> stayed within acceptable think time.
2026-09-27 11:23:40,440 [BombeRLeWorld] INFO: Agent <rule_based_agent_1> chose action BOMB in 0.00s.
2026-09-27 11:23:40,440 [BombeRLeWorld] INFO: Agent <rule_based_agent_1> stayed within acceptable think time.
2026-09-27 11:23:40,440 [BombeRLeWorld] INFO: Agent <rule_based_agent_1> drops bomb at (np.int64(8), np.int64(1))
2026-09-27 11:23:40,440 [BombeRLeWorld] INFO: Agent <rule_based_agent_0>'s bomb at (np.int64(9), np.int64(13)) explodes
2026-09-27 11:23:40,531 [BombeRLeWorld] INFO: STARTING STEP 53
2026-09-27 11:23:40,541 [BombeRLeWorld] INFO: Agent <rule_based_agent_2> chose action RIGHT in 0.00s.
2026-09-27 11:23:40,542 [BombeRLeWorld] INFO: Agent <rule_based_agent_2> stayed within acceptable think time.
2026-09-27 11:23:40,542 [BombeRLeWorld] INFO: Agent <agent_1> chose action UP in 0.00s.
2026-09-27 11:23:40,542 [BombeRLeWorld] INFO: Agent <agent_1> stayed within acceptable think time.
2026-09-27 11:23:40,542 [BombeRLeWorld] INFO: Agent <rule_based_agent_1> chose action RIGHT in 0.00s.
2026-09-27 11:23:40,542 [BombeRLeWorld] INFO: Agent <rule_based_agent_1> stayed within acceptable think time.
2026-09-27 11:23:40,542 [BombeRLeWorld] INFO: Agent <rule_based_agent_0> chose action UP in 0.00s.
2026-09-27 11:23:40,542 [BombeRLeWorld] INFO: Agent <rule_based_agent_0> stayed within acceptable think time.
2026-09-27 11:23:40,542 [BombeRLeWorld] INFO: Agent <rule_based_agent_2>'s bomb at (np.int64(3), np.int64(13)) explodes
2026-09-27 11:23:40,631 [BombeRLeWorld] INFO: STARTING STEP 54
2026-09-27 11:23:40,640 [BombeRLeWorld] INFO: Agent <rule_based_agent_0> chose action UP in 0.00s.
2026-09-27 11:23:40,640 [BombeRLeWorld] INFO: Agent <rule_based_agent_0> stayed within acceptable think time.
2026-09-27 11:23:40,640 [BombeRLeWorld] INFO: Agent <rule_based_agent_1> chose action DOWN in 0.00s.
2026-09-27 11:23:40,640 [BombeRLeWorld] INFO: Agent <rule_based_agent_1> stayed within acceptable think time.
2026-09-27 11:23:40,640 [BombeRLeWorld] INFO: Agent <rule_based_agent_2> chose action RIGHT in 0.00s.
2026-09-27 11:23:40,640 [BombeRLeWorld] INFO: Agent <rule_based_agent_2> stayed within acceptable think time.
2026-09-27 11:23:40,640 [BombeRLeWorld] INFO: Agent <agent_1> chose action RIGHT in 0.00s.
2026-09-27 11:23:40,640 [BombeRLeWorld] INFO: Agent <agent_1> stayed within acceptable think time.
2026-09-27 11:23:40,732 [BombeRLeWorld] INFO: STARTING STEP 55
2026-09-27 11:23:40,742 [BombeRLeWorld] INFO: Agent <rule_based_agent_2> chose action RIGHT in 0.00s.
2026-09-27 11:23:40,742 [BombeRLeWorld] INFO: Agent <rule_based_agent_2> stayed within acceptable think time.
2026-09-27 11:23:40,743 [BombeRLeWorld] INFO: Agent <agent_1> chose action RIGHT in 0.00s.
2026-09-27 11:23:40,743 [BombeRLeWorld] INFO: Agent <agent_1> stayed within acceptable think time.
2026-09-27 11:23:40,743 [BombeRLeWorld] INFO: Agent <rule_based_agent_0> chose action UP in 0.00s.
2026-09-27 11:23:40,743 [BombeRLeWorld] INFO: Agent <rule_based_agent_0> stayed within acceptable think time.
2026-09-27 11:23:40,743 [BombeRLeWorld] INFO: Agent <rule_based_agent_1> chose action DOWN in 0.00s.
2026-09-27 11:23:40,743 [BombeRLeWorld] INFO: Agent <rule_based_agent_1> stayed within acceptable think time.
2026-09-27 11:23:40,833 [BombeRLeWorld] INFO: STARTING STEP 56
2026-09-27 11:23:40,841 [BombeRLeWorld] INFO: Agent <rule_based_agent_1> chose action DOWN in 0.00s.
2026-09-27 11:23:40,842 [BombeRLeWorld] INFO: Agent <rule_based_agent_1> stayed within acceptable think time.
2026-09-27 11:23:40,842 [BombeRLeWorld] INFO: Agent <agent_1> chose action RIGHT in 0.00s.
2026-09-27 11:23:40,842 [BombeRLeWorld] INFO: Agent <agent_1> stayed within acceptable think time.
2026-09-27 11:23:40,842 [BombeRLeWorld] INFO: Agent <rule_based_agent_0> chose action UP in 0.00s.
2026-09-27 11:23:40,842 [BombeRLeWorld] INFO: Agent <rule_based_agent_0> stayed within acceptable think time.
2026-09-27 11:23:40,842 [BombeRLeWorld] INFO: Agent <rule_based_agent_2> chose action UP in 0.00s.
2026-09-27 11:23:40,842 [BombeRLeWorld] INFO: Agent <rule_based_agent_2> stayed within acceptable think time.
2026-09-27 11:23:40,842 [BombeRLeWorld] INFO: Agent <agent_1> picked up coin at (np.int64(4), np.int64(11)) and receives 1 point
2026-09-27 11:23:40,842 [BombeRLeWorld] INFO: Agent <rule_based_agent_1>'s bomb at (np.int64(8), np.int64(1)) explodes
2026-09-27 11:23:40,932 [BombeRLeWorld] INFO: STARTING STEP 57
2026-09-27 11:23:40,941 [BombeRLeWorld] INFO: Agent <rule_based_agent_2> chose action UP in 0.00s.
2026-09-27 11:23:40,941 [BombeRLeWorld] INFO: Agent <rule_based_agent_2> stayed within acceptable think time.
2026-09-27 11:23:40,941 [BombeRLeWorld] INFO: Agent <agent_1> chose action LEFT in 0.00s.
2026-09-27 11:23:40,941 [BombeRLeWorld] INFO: Agent <agent_1> stayed within acceptable think time.
2026-09-27 11:23:40,941 [BombeRLeWorld] INFO: Agent <rule_based_agent_0> chose action UP in 0.00s.
2026-09-27 11:23:40,941 [BombeRLeWorld] INFO: Agent <rule_based_agent_0> stayed within acceptable think time.
2026-09-27 11:23:40,941 [BombeRLeWorld] INFO: Agent <rule_based_agent_1> chose action DOWN in 0.00s.
2026-09-27 11:23:40,941 [BombeRLeWorld] INFO: Agent <rule_based_agent_1> stayed within acceptable think time.
2026-09-27 11:23:41,032 [BombeRLeWorld] INFO: STARTING STEP 58
2026-09-27 11:23:41,042 [BombeRLeWorld] INFO: Agent <rule_based_agent_2> chose action UP in 0.00s.
2026-09-27 11:23:41,042 [BombeRLeWorld] INFO: Agent <rule_based_agent_2> stayed within acceptable think time.
2026-09-27 11:23:41,042 [BombeRLeWorld] INFO: Agent <rule_based_agent_0> chose action UP in 0.00s.
2026-09-27 11:23:41,042 [BombeRLeWorld] INFO: Agent <rule_based_agent_0> stayed within acceptable think time.
2026-09-27 11:23:41,042 [BombeRLeWorld] INFO: Agent <agent_1> chose action DOWN in 0.01s.
2026-09-27 11:23:41,042 [BombeRLeWorld] INFO: Agent <agent_1> stayed within acceptable think time.
2026-09-27 11:23:41,042 [BombeRLeWorld] INFO: Agent <rule_based_agent_1> chose action UP in 0.00s.
2026-09-27 11:23:41,042 [BombeRLeWorld] INFO: Agent <rule_based_agent_1> stayed within acceptable think time.
2026-09-27 11:23:41,042 [BombeRLeWorld] INFO: Agent <rule_based_agent_0> picked up coin at (np.int64(11), np.int64(9)) and receives 1 point
2026-09-27 11:23:41,133 [BombeRLeWorld] INFO: STARTING STEP 59
2026-09-27 11:23:41,142 [BombeRLeWorld] INFO: Agent <agent_1> chose action DOWN in 0.01s.
2026-09-27 11:23:41,142 [BombeRLeWorld] INFO: Agent <agent_1> stayed within acceptable think time.
2026-09-27 11:23:41,142 [BombeRLeWorld] INFO: Agent <rule_based_agent_2> chose action UP in 0.00s.
2026-09-27 11:23:41,142 [BombeRLeWorld] INFO: Agent <rule_based_agent_2> stayed within acceptable think time.
2026-09-27 11:23:41,142 [BombeRLeWorld] INFO: Agent <rule_based_agent_1> chose action DOWN in 0.00s.
2026-09-27 11:23:41,142 [BombeRLeWorld] INFO: Agent <rule_based_agent_1> stayed within acceptable think time.
2026-09-27 11:23:41,142 [BombeRLeWorld] INFO: Agent <rule_based_agent_0> chose action UP in 0.00s.
2026-09-27 11:23:41,142 [BombeRLeWorld] INFO: Agent <rule_based_agent_0> stayed within acceptable think time.
2026-09-27 11:23:41,232 [BombeRLeWorld] INFO: STARTING STEP 60
2026-09-27 11:23:41,240 [BombeRLeWorld] INFO: Agent <rule_based_agent_1> chose action BOMB in 0.00s.
2026-09-27 11:23:41,240 [BombeRLeWorld] INFO: Agent <rule_based_agent_1> stayed within acceptable think time.
2026-09-27 11:23:41,240 [BombeRLeWorld] INFO: Agent <rule_based_agent_1> drops bomb at (np.int64(9), np.int64(5))
2026-09-27 11:23:41,240 [BombeRLeWorld] INFO: Agent <rule_based_agent_0> chose action BOMB in 0.00s.
2026-09-27 11:23:41,240 [BombeRLeWorld] INFO: Agent <rule_based_agent_0> stayed within acceptable think time.
2026-09-27 11:23:41,240 [BombeRLeWorld] INFO: Agent <rule_based_agent_0> drops bomb at (np.int64(11), np.int64(8))
2026-09-27 11:23:41,240 [BombeRLeWorld] INFO: Agent <rule_based_agent_2> chose action LEFT in 0.00s.
2026-09-27 11:23:41,240 [BombeRLeWorld] INFO: Agent <rule_based_agent_2> stayed within acceptable think time.
2026-09-27 11:23:41,240 [BombeRLeWorld] INFO: Agent <agent_1> chose action RIGHT in 0.00s.
2026-09-27 11:23:41,240 [BombeRLeWorld] INFO: Agent <agent_1> stayed within acceptable think time.
2026-09-27 11:23:41,333 [BombeRLeWorld] INFO: STARTING STEP 61
2026-09-27 11:23:41,340 [BombeRLeWorld] INFO: Agent <agent_1> chose action RIGHT in 0.00s.
2026-09-27 11:23:41,340 [BombeRLeWorld] INFO: Agent <agent_1> stayed within acceptable think time.
2026-09-27 11:23:41,340 [BombeRLeWorld] INFO: Agent <rule_based_agent_2> chose action BOMB in 0.00s.
2026-09-27 11:23:41,340 [BombeRLeWorld] INFO: Agent <rule_based_agent_2> stayed within acceptable think time.
2026-09-27 11:23:41,340 [BombeRLeWorld] INFO: Agent <rule_based_agent_2> drops bomb at (np.int64(6), np.int64(11))
2026-09-27 11:23:41,340 [BombeRLeWorld] INFO: Agent <rule_based_agent_0> chose action DOWN in 0.00s.
2026-09-27 11:23:41,340 [BombeRLeWorld] INFO: Agent <rule_based_agent_0> stayed within acceptable think time.
2026-09-27 11:23:41,340 [BombeRLeWorld] INFO: Agent <rule_based_agent_1> chose action UP in 0.00s.
2026-09-27 11:23:41,340 [BombeRLeWorld] INFO: Agent <rule_based_agent_1> stayed within acceptable think time.
2026-09-27 11:23:41,434 [BombeRLeWorld] INFO: STARTING STEP 62
2026-09-27 11:23:41,444 [BombeRLeWorld] INFO: Agent <rule_based_agent_0> chose action RIGHT in 0.00s.
2026-09-27 11:23:41,444 [BombeRLeWorld] INFO: Agent <rule_based_agent_0> stayed within acceptable think time.
2026-09-27 11:23:41,444 [BombeRLeWorld] INFO: Agent <rule_based_agent_1> chose action UP in 0.00s.
2026-09-27 11:23:41,444 [BombeRLeWorld] INFO: Agent <rule_based_agent_1> stayed within acceptable think time.
2026-09-27 11:23:41,445 [BombeRLeWorld] INFO: Agent <agent_1> chose action BOMB in 0.00s.
2026-09-27 11:23:41,445 [BombeRLeWorld] INFO: Agent <agent_1> stayed within acceptable think time.
2026-09-27 11:23:41,445 [BombeRLeWorld] INFO: Agent <agent_1> drops bomb at (np.int64(5), np.int64(13))
2026-09-27 11:23:41,445 [BombeRLeWorld] INFO: Agent <rule_based_agent_2> chose action RIGHT in 0.00s.
2026-09-27 11:23:41,445 [BombeRLeWorld] INFO: Agent <rule_based_agent_2> stayed within acceptable think time.
2026-09-27 11:23:41,445 [BombeRLeWorld] INFO: Agent <rule_based_agent_0> picked up coin at (np.int64(12), np.int64(9)) and receives 1 point
2026-09-27 11:23:41,534 [BombeRLeWorld] INFO: STARTING STEP 63
2026-09-27 11:23:41,544 [BombeRLeWorld] INFO: Agent <rule_based_agent_1> chose action UP in 0.00s.
2026-09-27 11:23:41,544 [BombeRLeWorld] INFO: Agent <rule_based_agent_1> stayed within acceptable think time.
2026-09-27 11:23:41,544 [BombeRLeWorld] INFO: Agent <rule_based_agent_0> chose action LEFT in 0.00s.
2026-09-27 11:23:41,544 [BombeRLeWorld] INFO: Agent <rule_based_agent_0> stayed within acceptable think time.
2026-09-27 11:23:41,544 [BombeRLeWorld] INFO: Agent <agent_1> chose action LEFT in 0.00s.
2026-09-27 11:23:41,544 [BombeRLeWorld] INFO: Agent <agent_1> stayed within acceptable think time.
2026-09-27 11:23:41,544 [BombeRLeWorld] INFO: Agent <rule_based_agent_2> chose action DOWN in 0.00s.
2026-09-27 11:23:41,544 [BombeRLeWorld] INFO: Agent <rule_based_agent_2> stayed within acceptable think time.
2026-09-27 11:23:41,634 [BombeRLeWorld] INFO: STARTING STEP 64
2026-09-27 11:23:41,645 [BombeRLeWorld] INFO: Agent <rule_based_agent_2> chose action UP in 0.00s.
2026-09-27 11:23:41,645 [BombeRLeWorld] INFO: Agent <rule_based_agent_2> stayed within acceptable think time.
2026-09-27 11:23:41,645 [BombeRLeWorld] INFO: Agent <rule_based_agent_0> chose action RIGHT in 0.00s.
2026-09-27 11:23:41,645 [BombeRLeWorld] INFO: Agent <rule_based_agent_0> stayed within acceptable think time.
2026-09-27 11:23:41,645 [BombeRLeWorld] INFO: Agent <agent_1> chose action LEFT in 0.00s.
2026-09-27 11:23:41,645 [BombeRLeWorld] INFO: Agent <agent_1> stayed within acceptable think time.
2026-09-27 11:23:41,645 [BombeRLeWorld] INFO: Agent <rule_based_agent_1> chose action UP in 0.00s.
2026-09-27 11:23:41,645 [BombeRLeWorld] INFO: Agent <rule_based_agent_1> stayed within acceptable think time.
2026-09-27 11:23:41,645 [BombeRLeWorld] INFO: Agent <rule_based_agent_1>'s bomb at (np.int64(9), np.int64(5)) explodes
2026-09-27 11:23:41,645 [BombeRLeWorld] INFO: Coin found at (np.int64(9), np.int64(7))
2026-09-27 11:23:41,645 [BombeRLeWorld] INFO: Agent <rule_based_agent_0>'s bomb at (np.int64(11), np.int64(8)) explodes
2026-09-27 11:23:41,735 [BombeRLeWorld] INFO: STARTING STEP 65
2026-09-27 11:23:41,745 [BombeRLeWorld] INFO: Agent <rule_based_agent_2> chose action DOWN in 0.00s.
2026-09-27 11:23:41,745 [BombeRLeWorld] INFO: Agent <rule_based_agent_2> stayed within acceptable think time.
2026-09-27 11:23:41,745 [BombeRLeWorld] INFO: Agent <rule_based_agent_0> chose action RIGHT in 0.00s.
2026-09-27 11:23:41,745 [BombeRLeWorld] INFO: Agent <rule_based_agent_0> stayed within acceptable think time.
2026-09-27 11:23:41,745 [BombeRLeWorld] INFO: Agent <rule_based_agent_1> chose action LEFT in 0.00s.
2026-09-27 11:23:41,745 [BombeRLeWorld] INFO: Agent <rule_based_agent_1> stayed within acceptable think time.
2026-09-27 11:23:41,746 [BombeRLeWorld] INFO: Agent <agent_1> chose action UP in 0.00s.
2026-09-27 11:23:41,746 [BombeRLeWorld] INFO: Agent <agent_1> stayed within acceptable think time.
2026-09-27 11:23:41,746 [BombeRLeWorld] INFO: Agent <rule_based_agent_2>'s bomb at (np.int64(6), np.int64(11)) explodes
2026-09-27 11:23:41,835 [BombeRLeWorld] INFO: STARTING STEP 66
2026-09-27 11:23:41,845 [BombeRLeWorld] INFO: Agent <rule_based_agent_1> chose action LEFT in 0.00s.
2026-09-27 11:23:41,845 [BombeRLeWorld] INFO: Agent <rule_based_agent_1> stayed within acceptable think time.
2026-09-27 11:23:41,845 [BombeRLeWorld] INFO: Agent <rule_based_agent_2> chose action None in 0.00s.
2026-09-27 11:23:41,845 [BombeRLeWorld] INFO: Agent <rule_based_agent_2> stayed within acceptable think time.
2026-09-27 11:23:41,845 [BombeRLeWorld] INFO: Agent <agent_1> chose action WAIT in 0.00s.
2026-09-27 11:23:41,845 [BombeRLeWorld] INFO: Agent <agent_1> stayed within acceptable think time.
2026-09-27 11:23:41,845 [BombeRLeWorld] INFO: Agent <rule_based_agent_0> chose action LEFT in 0.00s.
2026-09-27 11:23:41,845 [BombeRLeWorld] INFO: Agent <rule_based_agent_0> stayed within acceptable think time.
2026-09-27 11:23:41,845 [BombeRLeWorld] INFO: Agent <agent_1>'s bomb at (np.int64(5), np.int64(13)) explodes
2026-09-27 11:23:41,936 [BombeRLeWorld] INFO: STARTING STEP 67
2026-09-27 11:23:41,947 [BombeRLeWorld] INFO: Agent <rule_based_agent_0> chose action LEFT in 0.00s.
2026-09-27 11:23:41,947 [BombeRLeWorld] INFO: Agent <rule_based_agent_0> stayed within acceptable think time.
2026-09-27 11:23:41,947 [BombeRLeWorld] INFO: Agent <agent_1> chose action UP in 0.00s.
2026-09-27 11:23:41,947 [BombeRLeWorld] INFO: Agent <agent_1> stayed within acceptable think time.
2026-09-27 11:23:41,947 [BombeRLeWorld] INFO: Agent <rule_based_agent_1> chose action DOWN in 0.00s.
2026-09-27 11:23:41,947 [BombeRLeWorld] INFO: Agent <rule_based_agent_1> stayed within acceptable think time.
2026-09-27 11:23:41,947 [BombeRLeWorld] INFO: Agent <rule_based_agent_2> chose action UP in 0.00s.
2026-09-27 11:23:41,947 [BombeRLeWorld] INFO: Agent <rule_based_agent_2> stayed within acceptable think time.
2026-09-27 11:23:42,036 [BombeRLeWorld] INFO: STARTING STEP 68
2026-09-27 11:23:42,045 [BombeRLeWorld] INFO: Agent <agent_1> chose action RIGHT in 0.00s.
2026-09-27 11:23:42,045 [BombeRLeWorld] INFO: Agent <agent_1> stayed within acceptable think time.
2026-09-27 11:23:42,045 [BombeRLeWorld] INFO: Agent <rule_based_agent_2> chose action LEFT in 0.00s.
2026-09-27 11:23:42,045 [BombeRLeWorld] INFO: Agent <rule_based_agent_2> stayed within acceptable think time.
2026-09-27 11:23:42,046 [BombeRLeWorld] INFO: Agent <rule_based_agent_1> chose action BOMB in 0.00s.
2026-09-27 11:23:42,046 [BombeRLeWorld] INFO: Agent <rule_based_agent_1> stayed within acceptable think time.
2026-09-27 11:23:42,046 [BombeRLeWorld] INFO: Agent <rule_based_agent_1> drops bomb at (np.int64(7), np.int64(2))
2026-09-27 11:23:42,046 [BombeRLeWorld] INFO: Agent <rule_based_agent_0> chose action UP in 0.00s.
2026-09-27 11:23:42,046 [BombeRLeWorld] INFO: Agent <rule_based_agent_0> stayed within acceptable think time.
2026-09-27 11:23:42,137 [BombeRLeWorld] INFO: STARTING STEP 69
2026-09-27 11:23:42,147 [BombeRLeWorld] INFO: Agent <rule_based_agent_2> chose action LEFT in 0.00s.
2026-09-27 11:23:42,147 [BombeRLeWorld] INFO: Agent <rule_based_agent_2> stayed within acceptable think time.
2026-09-27 11:23:42,147 [BombeRLeWorld] INFO: Agent <rule_based_agent_0> chose action UP in 0.00s.
2026-09-27 11:23:42,147 [BombeRLeWorld] INFO: Agent <rule_based_agent_0> stayed within acceptable think time.
2026-09-27 11:23:42,147 [BombeRLeWorld] INFO: Agent <rule_based_agent_1> chose action UP in 0.00s.
2026-09-27 11:23:42,147 [BombeRLeWorld] INFO: Agent <rule_based_agent_1> stayed within acceptable think time.
2026-09-27 11:23:42,147 [BombeRLeWorld] INFO: Agent <agent_1> chose action RIGHT in 0.01s.
2026-09-27 11:23:42,147 [BombeRLeWorld] INFO: Agent <agent_1> stayed within acceptable think time.
2026-09-27 11:23:42,237 [BombeRLeWorld] INFO: STARTING STEP 70
2026-09-27 11:23:42,247 [BombeRLeWorld] INFO: Agent <agent_1> chose action LEFT in 0.00s.
2026-09-27 11:23:42,247 [BombeRLeWorld] INFO: Agent <agent_1> stayed within acceptable think time.
2026-09-27 11:23:42,247 [BombeRLeWorld] INFO: Agent <rule_based_agent_1> chose action RIGHT in 0.00s.
2026-09-27 11:23:42,247 [BombeRLeWorld] INFO: Agent <rule_based_agent_1> stayed within acceptable think time.
2026-09-27 11:23:42,248 [BombeRLeWorld] INFO: Agent <rule_based_agent_0> chose action UP in 0.00s.
2026-09-27 11:23:42,248 [BombeRLeWorld] INFO: Agent <rule_based_agent_0> stayed within acceptable think time.
2026-09-27 11:23:42,248 [BombeRLeWorld] INFO: Agent <rule_based_agent_2> chose action BOMB in 0.00s.
2026-09-27 11:23:42,248 [BombeRLeWorld] INFO: Agent <rule_based_agent_2> stayed within acceptable think time.
2026-09-27 11:23:42,248 [BombeRLeWorld] INFO: Agent <rule_based_agent_2> drops bomb at (np.int64(5), np.int64(11))
2026-09-27 11:23:42,338 [BombeRLeWorld] INFO: STARTING STEP 71
2026-09-27 11:23:42,348 [BombeRLeWorld] INFO: Agent <rule_based_agent_2> chose action LEFT in 0.00s.
2026-09-27 11:23:42,348 [BombeRLeWorld] INFO: Agent <rule_based_agent_2> stayed within acceptable think time.
2026-09-27 11:23:42,348 [BombeRLeWorld] INFO: Agent <rule_based_agent_0> chose action UP in 0.00s.
2026-09-27 11:23:42,348 [BombeRLeWorld] INFO: Agent <rule_based_agent_0> stayed within acceptable think time.
2026-09-27 11:23:42,348 [BombeRLeWorld] INFO: Agent <rule_based_agent_1> chose action RIGHT in 0.00s.
2026-09-27 11:23:42,348 [BombeRLeWorld] INFO: Agent <rule_based_agent_1> stayed within acceptable think time.
2026-09-27 11:23:42,348 [BombeRLeWorld] INFO: Agent <agent_1> chose action UP in 0.01s.
2026-09-27 11:23:42,348 [BombeRLeWorld] INFO: Agent <agent_1> stayed within acceptable think time.
2026-09-27 11:23:42,438 [BombeRLeWorld] INFO: STARTING STEP 72
2026-09-27 11:23:42,447 [BombeRLeWorld] INFO: Agent <rule_based_agent_1> chose action LEFT in 0.00s.
2026-09-27 11:23:42,447 [BombeRLeWorld] INFO: Agent <rule_based_agent_1> stayed within acceptable think time.
2026-09-27 11:23:42,447 [BombeRLeWorld] INFO: Agent <rule_based_agent_0> chose action RIGHT in 0.00s.
2026-09-27 11:23:42,447 [BombeRLeWorld] INFO: Agent <rule_based_agent_0> stayed within acceptable think time.
2026-09-27 11:23:42,447 [BombeRLeWorld] INFO: Agent <rule_based_agent_2> chose action LEFT in 0.00s.
2026-09-27 11:23:42,447 [BombeRLeWorld] INFO: Agent <rule_based_agent_2> stayed within acceptable think time.
2026-09-27 11:23:42,447 [BombeRLeWorld] INFO: Agent <agent_1> chose action UP in 0.00s.
2026-09-27 11:23:42,447 [BombeRLeWorld] INFO: Agent <agent_1> stayed within acceptable think time.
2026-09-27 11:23:42,447 [BombeRLeWorld] INFO: Agent <rule_based_agent_1>'s bomb at (np.int64(7), np.int64(2)) explodes
2026-09-27 11:23:42,447 [BombeRLeWorld] INFO: Coin found at (np.int64(7), np.int64(4))
2026-09-27 11:23:42,538 [BombeRLeWorld] INFO: STARTING STEP 73
2026-09-27 11:23:42,546 [BombeRLeWorld] INFO: Agent <rule_based_agent_2> chose action DOWN in 0.00s.
2026-09-27 11:23:42,546 [BombeRLeWorld] INFO: Agent <rule_based_agent_2> stayed within acceptable think time.
2026-09-27 11:23:42,546 [BombeRLeWorld] INFO: Agent <rule_based_agent_1> chose action RIGHT in 0.00s.
2026-09-27 11:23:42,546 [BombeRLeWorld] INFO: Agent <rule_based_agent_1> stayed within acceptable think time.
2026-09-27 11:23:42,546 [BombeRLeWorld] INFO: Agent <rule_based_agent_0> chose action BOMB in 0.00s.
2026-09-27 11:23:42,546 [BombeRLeWorld] INFO: Agent <rule_based_agent_0> stayed within acceptable think time.
2026-09-27 11:23:42,546 [BombeRLeWorld] INFO: Agent <rule_based_agent_0> drops bomb at (np.int64(12), np.int64(5))
2026-09-27 11:23:42,546 [BombeRLeWorld] INFO: Agent <agent_1> chose action BOMB in 0.00s.
2026-09-27 11:23:42,546 [BombeRLeWorld] INFO: Agent <agent_1> stayed within acceptable think time.
2026-09-27 11:23:42,546 [BombeRLeWorld] INFO: Agent <agent_1> drops bomb at (np.int64(3), np.int64(9))
2026-09-27 11:23:42,638 [BombeRLeWorld] INFO: STARTING STEP 74
2026-09-27 11:23:42,644 [BombeRLeWorld] INFO: Agent <rule_based_agent_1> chose action LEFT in 0.00s.
2026-09-27 11:23:42,645 [BombeRLeWorld] INFO: Agent <rule_based_agent_1> stayed within acceptable think time.
2026-09-27 11:23:42,645 [BombeRLeWorld] INFO: Agent <rule_based_agent_0> chose action LEFT in 0.00s.
2026-09-27 11:23:42,645 [BombeRLeWorld] INFO: Agent <rule_based_agent_0> stayed within acceptable think time.
2026-09-27 11:23:42,645 [BombeRLeWorld] INFO: Agent <agent_1> chose action UP in 0.00s.
2026-09-27 11:23:42,645 [BombeRLeWorld] INFO: Agent <agent_1> stayed within acceptable think time.
2026-09-27 11:23:42,645 [BombeRLeWorld] INFO: Agent <rule_based_agent_2> chose action DOWN in 0.00s.
2026-09-27 11:23:42,645 [BombeRLeWorld] INFO: Agent <rule_based_agent_2> stayed within acceptable think time.
2026-09-27 11:23:42,645 [BombeRLeWorld] INFO: Agent <rule_based_agent_2>'s bomb at (np.int64(5), np.int64(11)) explodes
2026-09-27 11:23:42,739 [BombeRLeWorld] INFO: STARTING STEP 75
2026-09-27 11:23:42,746 [BombeRLeWorld] INFO: Agent <rule_based_agent_0> chose action DOWN in 0.00s.
2026-09-27 11:23:42,746 [BombeRLeWorld] INFO: Agent <rule_based_agent_0> stayed within acceptable think time.
2026-09-27 11:23:42,746 [BombeRLeWorld] INFO: Agent <agent_1> chose action UP in 0.00s.
2026-09-27 11:23:42,746 [BombeRLeWorld] INFO: Agent <agent_1> stayed within acceptable think time.
2026-09-27 11:23:42,746 [BombeRLeWorld] INFO: Agent <rule_based_agent_2> chose action UP in 0.00s.
2026-09-27 11:23:42,746 [BombeRLeWorld] INFO: Agent <rule_based_agent_2> stayed within acceptable think time.
2026-09-27 11:23:42,746 [BombeRLeWorld] INFO: Agent <rule_based_agent_1> chose action LEFT in 0.00s.
2026-09-27 11:23:42,746 [BombeRLeWorld] INFO: Agent <rule_based_agent_1> stayed within acceptable think time.
2026-09-27 11:23:42,840 [BombeRLeWorld] INFO: STARTING STEP 76
2026-09-27 11:23:42,851 [BombeRLeWorld] INFO: Agent <rule_based_agent_1> chose action DOWN in 0.00s.
2026-09-27 11:23:42,851 [BombeRLeWorld] INFO: Agent <rule_based_agent_1> stayed within acceptable think time.
2026-09-27 11:23:42,851 [BombeRLeWorld] INFO: Agent <rule_based_agent_0> chose action UP in 0.00s.
2026-09-27 11:23:42,851 [BombeRLeWorld] INFO: Agent <rule_based_agent_0> stayed within acceptable think time.
2026-09-27 11:23:42,851 [BombeRLeWorld] INFO: Agent <agent_1> chose action RIGHT in 0.00s.
2026-09-27 11:23:42,851 [BombeRLeWorld] INFO: Agent <agent_1> stayed within acceptable think time.
2026-09-27 11:23:42,851 [BombeRLeWorld] INFO: Agent <rule_based_agent_2> chose action DOWN in 0.00s.
2026-09-27 11:23:42,851 [BombeRLeWorld] INFO: Agent <rule_based_agent_2> stayed within acceptable think time.
2026-09-27 11:23:42,941 [BombeRLeWorld] INFO: STARTING STEP 77
2026-09-27 11:23:42,951 [BombeRLeWorld] INFO: Agent <rule_based_agent_1> chose action DOWN in 0.00s.
2026-09-27 11:23:42,951 [BombeRLeWorld] INFO: Agent <rule_based_agent_1> stayed within acceptable think time.
2026-09-27 11:23:42,951 [BombeRLeWorld] INFO: Agent <rule_based_agent_2> chose action DOWN in 0.00s.
2026-09-27 11:23:42,951 [BombeRLeWorld] INFO: Agent <rule_based_agent_2> stayed within acceptable think time.
2026-09-27 11:23:42,951 [BombeRLeWorld] INFO: Agent <agent_1> chose action RIGHT in 0.00s.
2026-09-27 11:23:42,951 [BombeRLeWorld] INFO: Agent <agent_1> stayed within acceptable think time.
2026-09-27 11:23:42,951 [BombeRLeWorld] INFO: Agent <rule_based_agent_0> chose action DOWN in 0.00s.
2026-09-27 11:23:42,951 [BombeRLeWorld] INFO: Agent <rule_based_agent_0> stayed within acceptable think time.
2026-09-27 11:23:42,951 [BombeRLeWorld] INFO: Agent <rule_based_agent_0>'s bomb at (np.int64(12), np.int64(5)) explodes
2026-09-27 11:23:42,951 [BombeRLeWorld] INFO: Agent <agent_1>'s bomb at (np.int64(3), np.int64(9)) explodes
2026-09-27 11:23:42,951 [BombeRLeWorld] INFO: Coin found at (np.int64(2), np.int64(9))
2026-09-27 11:23:43,041 [BombeRLeWorld] INFO: STARTING STEP 78
2026-09-27 11:23:43,052 [BombeRLeWorld] INFO: Agent <agent_1> chose action RIGHT in 0.01s.
2026-09-27 11:23:43,052 [BombeRLeWorld] INFO: Agent <agent_1> stayed within acceptable think time.
2026-09-27 11:23:43,052 [BombeRLeWorld] INFO: Agent <rule_based_agent_0> chose action DOWN in 0.00s.
2026-09-27 11:23:43,052 [BombeRLeWorld] INFO: Agent <rule_based_agent_0> stayed within acceptable think time.
2026-09-27 11:23:43,052 [BombeRLeWorld] INFO: Agent <rule_based_agent_1> chose action DOWN in 0.00s.
2026-09-27 11:23:43,052 [BombeRLeWorld] INFO: Agent <rule_based_agent_1> stayed within acceptable think time.
2026-09-27 11:23:43,053 [BombeRLeWorld] INFO: Agent <rule_based_agent_2> chose action UP in 0.00s.
2026-09-27 11:23:43,053 [BombeRLeWorld] INFO: Agent <rule_based_agent_2> stayed within acceptable think time.
2026-09-27 11:23:43,053 [BombeRLeWorld] INFO: Agent <rule_based_agent_1> picked up coin at (np.int64(7), np.int64(4)) and receives 1 point
2026-09-27 11:23:43,142 [BombeRLeWorld] INFO: STARTING STEP 79
2026-09-27 11:23:43,152 [BombeRLeWorld] INFO: Agent <rule_based_agent_2> chose action UP in 0.00s.
2026-09-27 11:23:43,152 [BombeRLeWorld] INFO: Agent <rule_based_agent_2> stayed within acceptable think time.
2026-09-27 11:23:43,152 [BombeRLeWorld] INFO: Agent <rule_based_agent_1> chose action DOWN in 0.00s.
2026-09-27 11:23:43,153 [BombeRLeWorld] INFO: Agent <rule_based_agent_1> stayed within acceptable think time.
2026-09-27 11:23:43,153 [BombeRLeWorld] INFO: Agent <rule_based_agent_0> chose action UP in 0.00s.
2026-09-27 11:23:43,153 [BombeRLeWorld] INFO: Agent <rule_based_agent_0> stayed within acceptable think time.
2026-09-27 11:23:43,153 [BombeRLeWorld] INFO: Agent <agent_1> chose action RIGHT in 0.00s.
2026-09-27 11:23:43,153 [BombeRLeWorld] INFO: Agent <agent_1> stayed within acceptable think time.
2026-09-27 11:23:43,242 [BombeRLeWorld] INFO: STARTING STEP 80
2026-09-27 11:23:43,252 [BombeRLeWorld] INFO: Agent <rule_based_agent_1> chose action DOWN in 0.00s.
2026-09-27 11:23:43,252 [BombeRLeWorld] INFO: Agent <rule_based_agent_1> stayed within acceptable think time.
2026-09-27 11:23:43,252 [BombeRLeWorld] INFO: Agent <agent_1> chose action BOMB in 0.00s.
2026-09-27 11:23:43,252 [BombeRLeWorld] INFO: Agent <agent_1> stayed within acceptable think time.
2026-09-27 11:23:43,252 [BombeRLeWorld] INFO: Agent <agent_1> drops bomb at (np.int64(7), np.int64(7))
2026-09-27 11:23:43,252 [BombeRLeWorld] INFO: Agent <rule_based_agent_0> chose action UP in 0.00s.
2026-09-27 11:23:43,253 [BombeRLeWorld] INFO: Agent <rule_based_agent_0> stayed within acceptable think time.
2026-09-27 11:23:43,253 [BombeRLeWorld] INFO: Agent <rule_based_agent_2> chose action UP in 0.00s.
2026-09-27 11:23:43,253 [BombeRLeWorld] INFO: Agent <rule_based_agent_2> stayed within acceptable think time.
2026-09-27 11:23:43,343 [BombeRLeWorld] INFO: STARTING STEP 81
2026-09-27 11:23:43,351 [BombeRLeWorld] INFO: Agent <rule_based_agent_0> chose action LEFT in 0.00s.
2026-09-27 11:23:43,351 [BombeRLeWorld] INFO: Agent <rule_based_agent_0> stayed within acceptable think time.
2026-09-27 11:23:43,351 [BombeRLeWorld] INFO: Agent <rule_based_agent_1> chose action UP in 0.00s.
2026-09-27 11:23:43,351 [BombeRLeWorld] INFO: Agent <rule_based_agent_1> stayed within acceptable think time.
2026-09-27 11:23:43,351 [BombeRLeWorld] INFO: Agent <rule_based_agent_2> chose action UP in 0.00s.
2026-09-27 11:23:43,351 [BombeRLeWorld] INFO: Agent <rule_based_agent_2> stayed within acceptable think time.
2026-09-27 11:23:43,351 [BombeRLeWorld] INFO: Agent <agent_1> chose action RIGHT in 0.00s.
2026-09-27 11:23:43,351 [BombeRLeWorld] INFO: Agent <agent_1> stayed within acceptable think time.
2026-09-27 11:23:43,442 [BombeRLeWorld] INFO: STARTING STEP 82
2026-09-27 11:23:43,448 [BombeRLeWorld] INFO: Agent <rule_based_agent_2> chose action UP in 0.00s.
2026-09-27 11:23:43,448 [BombeRLeWorld] INFO: Agent <rule_based_agent_2> stayed within acceptable think time.
2026-09-27 11:23:43,448 [BombeRLeWorld] INFO: Agent <agent_1> chose action RIGHT in 0.00s.
2026-09-27 11:23:43,448 [BombeRLeWorld] INFO: Agent <agent_1> stayed within acceptable think time.
2026-09-27 11:23:43,448 [BombeRLeWorld] INFO: Agent <rule_based_agent_1> chose action RIGHT in 0.00s.
2026-09-27 11:23:43,448 [BombeRLeWorld] INFO: Agent <rule_based_agent_1> stayed within acceptable think time.
2026-09-27 11:23:43,448 [BombeRLeWorld] INFO: Agent <rule_based_agent_0> chose action LEFT in 0.00s.
2026-09-27 11:23:43,448 [BombeRLeWorld] INFO: Agent <rule_based_agent_0> stayed within acceptable think time.
2026-09-27 11:23:43,448 [BombeRLeWorld] INFO: Agent <agent_1> picked up coin at (np.int64(9), np.int64(7)) and receives 1 point
2026-09-27 11:23:43,542 [BombeRLeWorld] INFO: STARTING STEP 83
2026-09-27 11:23:43,552 [BombeRLeWorld] INFO: Agent <rule_based_agent_0> chose action BOMB in 0.00s.
2026-09-27 11:23:43,552 [BombeRLeWorld] INFO: Agent <rule_based_agent_0> stayed within acceptable think time.
2026-09-27 11:23:43,552 [BombeRLeWorld] INFO: Agent <rule_based_agent_0> drops bomb at (np.int64(9), np.int64(5))
2026-09-27 11:23:43,552 [BombeRLeWorld] INFO: Agent <agent_1> chose action UP in 0.00s.
2026-09-27 11:23:43,552 [BombeRLeWorld] INFO: Agent <agent_1> stayed within acceptable think time.
2026-09-27 11:23:43,552 [BombeRLeWorld] INFO: Agent <rule_based_agent_1> chose action BOMB in 0.00s.
2026-09-27 11:23:43,552 [BombeRLeWorld] INFO: Agent <rule_based_agent_1> stayed within acceptable think time.
2026-09-27 11:23:43,552 [BombeRLeWorld] INFO: Agent <rule_based_agent_1> drops bomb at (np.int64(8), np.int64(5))
2026-09-27 11:23:43,552 [BombeRLeWorld] INFO: Agent <rule_based_agent_2> chose action LEFT in 0.00s.
2026-09-27 11:23:43,552 [BombeRLeWorld] INFO: Agent <rule_based_agent_2> stayed within acceptable think time.
2026-09-27 11:23:43,552 [BombeRLeWorld] INFO: Agent <rule_based_agent_2> picked up coin at (np.int64(2), np.int64(9)) and receives 1 point
2026-09-27 11:23:43,644 [BombeRLeWorld] INFO: STARTING STEP 84
2026-09-27 11:23:43,655 [BombeRLeWorld] INFO: Agent <rule_based_agent_2> chose action RIGHT in 0.00s.
2026-09-27 11:23:43,655 [BombeRLeWorld] INFO: Agent <rule_based_agent_2> stayed within acceptable think time.
2026-09-27 11:23:43,655 [BombeRLeWorld] INFO: Agent <agent_1> chose action WAIT in 0.00s.
2026-09-27 11:23:43,655 [BombeRLeWorld] INFO: Agent <agent_1> stayed within acceptable think time.
2026-09-27 11:23:43,655 [BombeRLeWorld] INFO: Agent <rule_based_agent_0> chose action UP in 0.00s.
2026-09-27 11:23:43,655 [BombeRLeWorld] INFO: Agent <rule_based_agent_0> stayed within acceptable think time.
2026-09-27 11:23:43,656 [BombeRLeWorld] INFO: Agent <rule_based_agent_1> chose action None in 0.00s.
2026-09-27 11:23:43,656 [BombeRLeWorld] INFO: Agent <rule_based_agent_1> stayed within acceptable think time.
2026-09-27 11:23:43,656 [BombeRLeWorld] INFO: Agent <agent_1>'s bomb at (np.int64(7), np.int64(7)) explodes
2026-09-27 11:23:43,656 [BombeRLeWorld] INFO: Coin found at (np.int64(10), np.int64(7))
2026-09-27 11:23:43,744 [BombeRLeWorld] INFO: STARTING STEP 85
2026-09-27 11:23:43,753 [BombeRLeWorld] INFO: Agent <rule_based_agent_2> chose action UP in 0.00s.
2026-09-27 11:23:43,753 [BombeRLeWorld] INFO: Agent <rule_based_agent_2> stayed within acceptable think time.
2026-09-27 11:23:43,754 [BombeRLeWorld] INFO: Agent <rule_based_agent_1> chose action None in 0.00s.
2026-09-27 11:23:43,754 [BombeRLeWorld] INFO: Agent <rule_based_agent_1> stayed within acceptable think time.
2026-09-27 11:23:43,754 [BombeRLeWorld] INFO: Agent <rule_based_agent_0> chose action UP in 0.00s.
2026-09-27 11:23:43,754 [BombeRLeWorld] INFO: Agent <rule_based_agent_0> stayed within acceptable think time.
2026-09-27 11:23:43,754 [BombeRLeWorld] INFO: Agent <agent_1> chose action WAIT in 0.00s.
2026-09-27 11:23:43,754 [BombeRLeWorld] INFO: Agent <agent_1> stayed within acceptable think time.
2026-09-27 11:23:43,843 [BombeRLeWorld] INFO: STARTING STEP 86
2026-09-27 11:23:43,851 [BombeRLeWorld] INFO: Agent <rule_based_agent_0> chose action UP in 0.00s.
2026-09-27 11:23:43,851 [BombeRLeWorld] INFO: Agent <rule_based_agent_0> stayed within acceptable think time.
2026-09-27 11:23:43,851 [BombeRLeWorld] INFO: Agent <rule_based_agent_1> chose action LEFT in 0.00s.
2026-09-27 11:23:43,851 [BombeRLeWorld] INFO: Agent <rule_based_agent_1> stayed within acceptable think time.
2026-09-27 11:23:43,851 [BombeRLeWorld] INFO: Agent <rule_based_agent_2> chose action UP in 0.00s.
2026-09-27 11:23:43,851 [BombeRLeWorld] INFO: Agent <rule_based_agent_2> stayed within acceptable think time.
2026-09-27 11:23:43,851 [BombeRLeWorld] INFO: Agent <agent_1> chose action DOWN in 0.00s.
2026-09-27 11:23:43,851 [BombeRLeWorld] INFO: Agent <agent_1> stayed within acceptable think time.
2026-09-27 11:23:43,944 [BombeRLeWorld] INFO: STARTING STEP 87
2026-09-27 11:23:43,953 [BombeRLeWorld] INFO: Agent <agent_1> chose action RIGHT in 0.00s.
2026-09-27 11:23:43,953 [BombeRLeWorld] INFO: Agent <agent_1> stayed within acceptable think time.
2026-09-27 11:23:43,953 [BombeRLeWorld] INFO: Agent <rule_based_agent_1> chose action DOWN in 0.00s.
2026-09-27 11:23:43,953 [BombeRLeWorld] INFO: Agent <rule_based_agent_1> stayed within acceptable think time.
2026-09-27 11:23:43,953 [BombeRLeWorld] INFO: Agent <rule_based_agent_2> chose action UP in 0.00s.
2026-09-27 11:23:43,953 [BombeRLeWorld] INFO: Agent <rule_based_agent_2> stayed within acceptable think time.
2026-09-27 11:23:43,953 [BombeRLeWorld] INFO: Agent <rule_based_agent_0> chose action UP in 0.00s.
2026-09-27 11:23:43,953 [BombeRLeWorld] INFO: Agent <rule_based_agent_0> stayed within acceptable think time.
2026-09-27 11:23:43,953 [BombeRLeWorld] INFO: Agent <agent_1> picked up coin at (np.int64(10), np.int64(7)) and receives 1 point
2026-09-27 11:23:43,953 [BombeRLeWorld] INFO: Agent <rule_based_agent_0>'s bomb at (np.int64(9), np.int64(5)) explodes
2026-09-27 11:23:43,953 [BombeRLeWorld] INFO: Agent <rule_based_agent_1>'s bomb at (np.int64(8), np.int64(5)) explodes
2026-09-27 11:23:44,046 [BombeRLeWorld] INFO: STARTING STEP 88
2026-09-27 11:23:44,055 [BombeRLeWorld] INFO: Agent <rule_based_agent_1> chose action DOWN in 0.00s.
2026-09-27 11:23:44,056 [BombeRLeWorld] INFO: Agent <rule_based_agent_1> stayed within acceptable think time.
2026-09-27 11:23:44,056 [BombeRLeWorld] INFO: Agent <agent_1> chose action RIGHT in 0.00s.
2026-09-27 11:23:44,056 [BombeRLeWorld] INFO: Agent <agent_1> stayed within acceptable think time.
2026-09-27 11:23:44,056 [BombeRLeWorld] INFO: Agent <rule_based_agent_2> chose action UP in 0.00s.
2026-09-27 11:23:44,056 [BombeRLeWorld] INFO: Agent <rule_based_agent_2> stayed within acceptable think time.
2026-09-27 11:23:44,056 [BombeRLeWorld] INFO: Agent <rule_based_agent_0> chose action LEFT in 0.00s.
2026-09-27 11:23:44,056 [BombeRLeWorld] INFO: Agent <rule_based_agent_0> stayed within acceptable think time.
2026-09-27 11:23:44,145 [BombeRLeWorld] INFO: STARTING STEP 89
2026-09-27 11:23:44,157 [BombeRLeWorld] INFO: Agent <agent_1> chose action LEFT in 0.00s.
2026-09-27 11:23:44,157 [BombeRLeWorld] INFO: Agent <agent_1> stayed within acceptable think time.
2026-09-27 11:23:44,158 [BombeRLeWorld] INFO: Agent <rule_based_agent_1> chose action LEFT in 0.00s.
2026-09-27 11:23:44,158 [BombeRLeWorld] INFO: Agent <rule_based_agent_1> stayed within acceptable think time.
2026-09-27 11:23:44,158 [BombeRLeWorld] INFO: Agent <rule_based_agent_0> chose action LEFT in 0.00s.
2026-09-27 11:23:44,158 [BombeRLeWorld] INFO: Agent <rule_based_agent_0> stayed within acceptable think time.
2026-09-27 11:23:44,158 [BombeRLeWorld] INFO: Agent <rule_based_agent_2> chose action UP in 0.00s.
2026-09-27 11:23:44,158 [BombeRLeWorld] INFO: Agent <rule_based_agent_2> stayed within acceptable think time.
2026-09-27 11:23:44,246 [BombeRLeWorld] INFO: STARTING STEP 90
2026-09-27 11:23:44,257 [BombeRLeWorld] INFO: Agent <rule_based_agent_2> chose action UP in 0.00s.
2026-09-27 11:23:44,257 [BombeRLeWorld] INFO: Agent <rule_based_agent_2> stayed within acceptable think time.
2026-09-27 11:23:44,257 [BombeRLeWorld] INFO: Agent <rule_based_agent_0> chose action DOWN in 0.00s.
2026-09-27 11:23:44,257 [BombeRLeWorld] INFO: Agent <rule_based_agent_0> stayed within acceptable think time.
2026-09-27 11:23:44,257 [BombeRLeWorld] INFO: Agent <agent_1> chose action LEFT in 0.00s.
2026-09-27 11:23:44,257 [BombeRLeWorld] INFO: Agent <agent_1> stayed within acceptable think time.
2026-09-27 11:23:44,257 [BombeRLeWorld] INFO: Agent <rule_based_agent_1> chose action LEFT in 0.00s.
2026-09-27 11:23:44,257 [BombeRLeWorld] INFO: Agent <rule_based_agent_1> stayed within acceptable think time.
2026-09-27 11:23:44,347 [BombeRLeWorld] INFO: STARTING STEP 91
2026-09-27 11:23:44,356 [BombeRLeWorld] INFO: Agent <rule_based_agent_2> chose action RIGHT in 0.00s.
2026-09-27 11:23:44,356 [BombeRLeWorld] INFO: Agent <rule_based_agent_2> stayed within acceptable think time.
2026-09-27 11:23:44,356 [BombeRLeWorld] INFO: Agent <agent_1> chose action LEFT in 0.00s.
2026-09-27 11:23:44,356 [BombeRLeWorld] INFO: Agent <agent_1> stayed within acceptable think time.
2026-09-27 11:23:44,356 [BombeRLeWorld] INFO: Agent <rule_based_agent_1> chose action RIGHT in 0.00s.
2026-09-27 11:23:44,356 [BombeRLeWorld] INFO: Agent <rule_based_agent_1> stayed within acceptable think time.
2026-09-27 11:23:44,356 [BombeRLeWorld] INFO: Agent <rule_based_agent_0> chose action DOWN in 0.00s.
2026-09-27 11:23:44,356 [BombeRLeWorld] INFO: Agent <rule_based_agent_0> stayed within acceptable think time.
2026-09-27 11:23:44,447 [BombeRLeWorld] INFO: STARTING STEP 92
2026-09-27 11:23:44,454 [BombeRLeWorld] INFO: Agent <rule_based_agent_0> chose action DOWN in 0.00s.
2026-09-27 11:23:44,454 [BombeRLeWorld] INFO: Agent <rule_based_agent_0> stayed within acceptable think time.
2026-09-27 11:23:44,454 [BombeRLeWorld] INFO: Agent <agent_1> chose action LEFT in 0.00s.
2026-09-27 11:23:44,454 [BombeRLeWorld] INFO: Agent <agent_1> stayed within acceptable think time.
2026-09-27 11:23:44,455 [BombeRLeWorld] INFO: Agent <rule_based_agent_1> chose action RIGHT in 0.00s.
2026-09-27 11:23:44,455 [BombeRLeWorld] INFO: Agent <rule_based_agent_1> stayed within acceptable think time.
2026-09-27 11:23:44,455 [BombeRLeWorld] INFO: Agent <rule_based_agent_2> chose action RIGHT in 0.00s.
2026-09-27 11:23:44,455 [BombeRLeWorld] INFO: Agent <rule_based_agent_2> stayed within acceptable think time.
2026-09-27 11:23:44,547 [BombeRLeWorld] INFO: STARTING STEP 93
2026-09-27 11:23:44,553 [BombeRLeWorld] INFO: Agent <rule_based_agent_0> chose action DOWN in 0.00s.
2026-09-27 11:23:44,553 [BombeRLeWorld] INFO: Agent <rule_based_agent_0> stayed within acceptable think time.
2026-09-27 11:23:44,553 [BombeRLeWorld] INFO: Agent <rule_based_agent_2> chose action BOMB in 0.00s.
2026-09-27 11:23:44,553 [BombeRLeWorld] INFO: Agent <rule_based_agent_2> stayed within acceptable think time.
2026-09-27 11:23:44,553 [BombeRLeWorld] INFO: Agent <rule_based_agent_2> drops bomb at (np.int64(5), np.int64(3))
2026-09-27 11:23:44,554 [BombeRLeWorld] INFO: Agent <agent_1> chose action DOWN in 0.00s.
2026-09-27 11:23:44,554 [BombeRLeWorld] INFO: Agent <agent_1> stayed within acceptable think time.
2026-09-27 11:23:44,554 [BombeRLeWorld] INFO: Agent <rule_based_agent_1> chose action BOMB in 0.00s.
2026-09-27 11:23:44,554 [BombeRLeWorld] INFO: Agent <rule_based_agent_1> stayed within acceptable think time.
2026-09-27 11:23:44,554 [BombeRLeWorld] INFO: Agent <rule_based_agent_1> drops bomb at (np.int64(6), np.int64(7))
2026-09-27 11:23:44,647 [BombeRLeWorld] INFO: STARTING STEP 94
2026-09-27 11:23:44,657 [BombeRLeWorld] INFO: Agent <rule_based_agent_2> chose action LEFT in 0.00s.
2026-09-27 11:23:44,657 [BombeRLeWorld] INFO: Agent <rule_based_agent_2> stayed within acceptable think time.
2026-09-27 11:23:44,657 [BombeRLeWorld] INFO: Agent <rule_based_agent_1> chose action LEFT in 0.00s.
2026-09-27 11:23:44,657 [BombeRLeWorld] INFO: Agent <rule_based_agent_1> stayed within acceptable think time.
2026-09-27 11:23:44,657 [BombeRLeWorld] INFO: Agent <rule_based_agent_0> chose action DOWN in 0.00s.
2026-09-27 11:23:44,657 [BombeRLeWorld] INFO: Agent <rule_based_agent_0> stayed within acceptable think time.
2026-09-27 11:23:44,657 [BombeRLeWorld] INFO: Agent <agent_1> chose action DOWN in 0.00s.
2026-09-27 11:23:44,657 [BombeRLeWorld] INFO: Agent <agent_1> stayed within acceptable think time.
2026-09-27 11:23:44,748 [BombeRLeWorld] INFO: STARTING STEP 95
2026-09-27 11:23:44,758 [BombeRLeWorld] INFO: Agent <rule_based_agent_2> chose action LEFT in 0.00s.
2026-09-27 11:23:44,758 [BombeRLeWorld] INFO: Agent <rule_based_agent_2> stayed within acceptable think time.
2026-09-27 11:23:44,758 [BombeRLeWorld] INFO: Agent <agent_1> chose action BOMB in 0.00s.
2026-09-27 11:23:44,758 [BombeRLeWorld] INFO: Agent <agent_1> stayed within acceptable think time.
2026-09-27 11:23:44,758 [BombeRLeWorld] INFO: Agent <agent_1> drops bomb at (np.int64(7), np.int64(9))
2026-09-27 11:23:44,758 [BombeRLeWorld] INFO: Agent <rule_based_agent_0> chose action DOWN in 0.00s.
2026-09-27 11:23:44,758 [BombeRLeWorld] INFO: Agent <rule_based_agent_0> stayed within acceptable think time.
2026-09-27 11:23:44,759 [BombeRLeWorld] INFO: Agent <rule_based_agent_1> chose action DOWN in 0.00s.
2026-09-27 11:23:44,759 [BombeRLeWorld] INFO: Agent <rule_based_agent_1> stayed within acceptable think time.
2026-09-27 11:23:44,849 [BombeRLeWorld] INFO: STARTING STEP 96
2026-09-27 11:23:44,859 [BombeRLeWorld] INFO: Agent <rule_based_agent_2> chose action DOWN in 0.00s.
2026-09-27 11:23:44,860 [BombeRLeWorld] INFO: Agent <rule_based_agent_2> stayed within acceptable think time.
2026-09-27 11:23:44,860 [BombeRLeWorld] INFO: Agent <agent_1> chose action DOWN in 0.00s.
2026-09-27 11:23:44,860 [BombeRLeWorld] INFO: Agent <agent_1> stayed within acceptable think time.
2026-09-27 11:23:44,860 [BombeRLeWorld] INFO: Agent <rule_based_agent_1> chose action UP in 0.00s.
2026-09-27 11:23:44,860 [BombeRLeWorld] INFO: Agent <rule_based_agent_1> stayed within acceptable think time.
2026-09-27 11:23:44,860 [BombeRLeWorld] INFO: Agent <rule_based_agent_0> chose action RIGHT in 0.00s.
2026-09-27 11:23:44,860 [BombeRLeWorld] INFO: Agent <rule_based_agent_0> stayed within acceptable think time.
2026-09-27 11:23:44,949 [BombeRLeWorld] INFO: STARTING STEP 97
2026-09-27 11:23:44,961 [BombeRLeWorld] INFO: Agent <rule_based_agent_1> chose action DOWN in 0.01s.
2026-09-27 11:23:44,961 [BombeRLeWorld] INFO: Agent <rule_based_agent_1> stayed within acceptable think time.
2026-09-27 11:23:44,961 [BombeRLeWorld] INFO: Agent <agent_1> chose action DOWN in 0.00s.
2026-09-27 11:23:44,961 [BombeRLeWorld] INFO: Agent <agent_1> stayed within acceptable think time.
2026-09-27 11:23:44,961 [BombeRLeWorld] INFO: Agent <rule_based_agent_2> chose action DOWN in 0.00s.
2026-09-27 11:23:44,961 [BombeRLeWorld] INFO: Agent <rule_based_agent_2> stayed within acceptable think time.
2026-09-27 11:23:44,961 [BombeRLeWorld] INFO: Agent <rule_based_agent_0> chose action None in 0.00s.
2026-09-27 11:23:44,961 [BombeRLeWorld] INFO: Agent <rule_based_agent_0> stayed within acceptable think time.
2026-09-27 11:23:44,961 [BombeRLeWorld] INFO: Agent <rule_based_agent_2>'s bomb at (np.int64(5), np.int64(3)) explodes
2026-09-27 11:23:44,961 [BombeRLeWorld] INFO: Coin found at (np.int64(5), np.int64(2))
2026-09-27 11:23:44,961 [BombeRLeWorld] INFO: Agent <rule_based_agent_1>'s bomb at (np.int64(6), np.int64(7)) explodes
2026-09-27 11:23:44,961 [BombeRLeWorld] INFO: Agent <rule_based_agent_0> blown up by agent <rule_based_agent_1>'s bomb
2026-09-27 11:23:44,962 [BombeRLeWorld] INFO: Agent <rule_based_agent_1> receives 1 point
2026-09-27 11:23:45,049 [BombeRLeWorld] INFO: STARTING STEP 98
2026-09-27 11:23:45,056 [BombeRLeWorld] INFO: Agent <rule_based_agent_2> chose action RIGHT in 0.00s.
2026-09-27 11:23:45,056 [BombeRLeWorld] INFO: Agent <rule_based_agent_2> stayed within acceptable think time.
2026-09-27 11:23:45,056 [BombeRLeWorld] INFO: Agent <rule_based_agent_1> chose action DOWN in 0.00s.
2026-09-27 11:23:45,056 [BombeRLeWorld] INFO: Agent <rule_based_agent_1> stayed within acceptable think time.
2026-09-27 11:23:45,056 [BombeRLeWorld] INFO: Agent <agent_1> chose action LEFT in 0.00s.
2026-09-27 11:23:45,056 [BombeRLeWorld] INFO: Agent <agent_1> stayed within acceptable think time.
2026-09-27 11:23:45,150 [BombeRLeWorld] INFO: STARTING STEP 99
2026-09-27 11:23:45,158 [BombeRLeWorld] INFO: Agent <rule_based_agent_2> chose action RIGHT in 0.00s.
2026-09-27 11:23:45,158 [BombeRLeWorld] INFO: Agent <rule_based_agent_2> stayed within acceptable think time.
2026-09-27 11:23:45,159 [BombeRLeWorld] INFO: Agent <rule_based_agent_1> chose action DOWN in 0.00s.
2026-09-27 11:23:45,159 [BombeRLeWorld] INFO: Agent <rule_based_agent_1> stayed within acceptable think time.
2026-09-27 11:23:45,159 [BombeRLeWorld] INFO: Agent <agent_1> chose action LEFT in 0.00s.
2026-09-27 11:23:45,159 [BombeRLeWorld] INFO: Agent <agent_1> stayed within acceptable think time.
2026-09-27 11:23:45,159 [BombeRLeWorld] INFO: Agent <agent_1>'s bomb at (np.int64(7), np.int64(9)) explodes
2026-09-27 11:23:45,251 [BombeRLeWorld] INFO: STARTING STEP 100
2026-09-27 11:23:45,260 [BombeRLeWorld] INFO: Agent <rule_based_agent_2> chose action UP in 0.00s.
2026-09-27 11:23:45,260 [BombeRLeWorld] INFO: Agent <rule_based_agent_2> stayed within acceptable think time.
2026-09-27 11:23:45,260 [BombeRLeWorld] INFO: Agent <rule_based_agent_1> chose action BOMB in 0.00s.
2026-09-27 11:23:45,260 [BombeRLeWorld] INFO: Agent <rule_based_agent_1> stayed within acceptable think time.
2026-09-27 11:23:45,260 [BombeRLeWorld] INFO: Agent <rule_based_agent_1> drops bomb at (np.int64(5), np.int64(10))
2026-09-27 11:23:45,260 [BombeRLeWorld] INFO: Agent <agent_1> chose action RIGHT in 0.01s.
2026-09-27 11:23:45,260 [BombeRLeWorld] INFO: Agent <agent_1> stayed within acceptable think time.
2026-09-27 11:23:45,352 [BombeRLeWorld] INFO: STARTING STEP 101
2026-09-27 11:23:45,360 [BombeRLeWorld] INFO: Agent <rule_based_agent_1> chose action DOWN in 0.00s.
2026-09-27 11:23:45,360 [BombeRLeWorld] INFO: Agent <rule_based_agent_1> stayed within acceptable think time.
2026-09-27 11:23:45,360 [BombeRLeWorld] INFO: Agent <rule_based_agent_2> chose action UP in 0.00s.
2026-09-27 11:23:45,360 [BombeRLeWorld] INFO: Agent <rule_based_agent_2> stayed within acceptable think time.
2026-09-27 11:23:45,360 [BombeRLeWorld] INFO: Agent <agent_1> chose action RIGHT in 0.00s.
2026-09-27 11:23:45,360 [BombeRLeWorld] INFO: Agent <agent_1> stayed within acceptable think time.
2026-09-27 11:23:45,452 [BombeRLeWorld] INFO: STARTING STEP 102
2026-09-27 11:23:45,462 [BombeRLeWorld] INFO: Agent <rule_based_agent_2> chose action UP in 0.00s.
2026-09-27 11:23:45,462 [BombeRLeWorld] INFO: Agent <rule_based_agent_2> stayed within acceptable think time.
2026-09-27 11:23:45,462 [BombeRLeWorld] INFO: Agent <rule_based_agent_1> chose action RIGHT in 0.00s.
2026-09-27 11:23:45,462 [BombeRLeWorld] INFO: Agent <rule_based_agent_1> stayed within acceptable think time.
2026-09-27 11:23:45,462 [BombeRLeWorld] INFO: Agent <agent_1> chose action LEFT in 0.01s.
2026-09-27 11:23:45,462 [BombeRLeWorld] INFO: Agent <agent_1> stayed within acceptable think time.
2026-09-27 11:23:45,462 [BombeRLeWorld] INFO: Agent <rule_based_agent_2> picked up coin at (np.int64(5), np.int64(2)) and receives 1 point
2026-09-27 11:23:45,552 [BombeRLeWorld] INFO: STARTING STEP 103
2026-09-27 11:23:45,560 [BombeRLeWorld] INFO: Agent <agent_1> chose action RIGHT in 0.00s.
2026-09-27 11:23:45,560 [BombeRLeWorld] INFO: Agent <agent_1> stayed within acceptable think time.
2026-09-27 11:23:45,560 [BombeRLeWorld] INFO: Agent <rule_based_agent_2> chose action DOWN in 0.00s.
2026-09-27 11:23:45,560 [BombeRLeWorld] INFO: Agent <rule_based_agent_2> stayed within acceptable think time.
2026-09-27 11:23:45,560 [BombeRLeWorld] INFO: Agent <rule_based_agent_1> chose action LEFT in 0.00s.
2026-09-27 11:23:45,560 [BombeRLeWorld] INFO: Agent <rule_based_agent_1> stayed within acceptable think time.
2026-09-27 11:23:45,652 [BombeRLeWorld] INFO: STARTING STEP 104
2026-09-27 11:23:45,665 [BombeRLeWorld] INFO: Agent <agent_1> chose action LEFT in 0.01s.
2026-09-27 11:23:45,665 [BombeRLeWorld] INFO: Agent <agent_1> stayed within acceptable think time.
2026-09-27 11:23:45,665 [BombeRLeWorld] INFO: Agent <rule_based_agent_2> chose action RIGHT in 0.00s.
2026-09-27 11:23:45,665 [BombeRLeWorld] INFO: Agent <rule_based_agent_2> stayed within acceptable think time.
2026-09-27 11:23:45,665 [BombeRLeWorld] INFO: Agent <rule_based_agent_1> chose action RIGHT in 0.00s.
2026-09-27 11:23:45,665 [BombeRLeWorld] INFO: Agent <rule_based_agent_1> stayed within acceptable think time.
2026-09-27 11:23:45,665 [BombeRLeWorld] INFO: Agent <rule_based_agent_1>'s bomb at (np.int64(5), np.int64(10)) explodes
2026-09-27 11:23:45,753 [BombeRLeWorld] INFO: STARTING STEP 105
2026-09-27 11:23:45,765 [BombeRLeWorld] INFO: Agent <rule_based_agent_1> chose action None in 0.00s.
2026-09-27 11:23:45,765 [BombeRLeWorld] INFO: Agent <rule_based_agent_1> stayed within acceptable think time.
2026-09-27 11:23:45,766 [BombeRLeWorld] INFO: Agent <agent_1> chose action RIGHT in 0.01s.
2026-09-27 11:23:45,766 [BombeRLeWorld] INFO: Agent <agent_1> stayed within acceptable think time.
2026-09-27 11:23:45,766 [BombeRLeWorld] INFO: Agent <rule_based_agent_2> chose action RIGHT in 0.00s.
2026-09-27 11:23:45,766 [BombeRLeWorld] INFO: Agent <rule_based_agent_2> stayed within acceptable think time.
2026-09-27 11:23:45,854 [BombeRLeWorld] INFO: STARTING STEP 106
2026-09-27 11:23:45,866 [BombeRLeWorld] INFO: Agent <rule_based_agent_1> chose action RIGHT in 0.00s.
2026-09-27 11:23:45,866 [BombeRLeWorld] INFO: Agent <rule_based_agent_1> stayed within acceptable think time.
2026-09-27 11:23:45,866 [BombeRLeWorld] INFO: Agent <agent_1> chose action LEFT in 0.01s.
2026-09-27 11:23:45,866 [BombeRLeWorld] INFO: Agent <agent_1> stayed within acceptable think time.
2026-09-27 11:23:45,866 [BombeRLeWorld] INFO: Agent <rule_based_agent_2> chose action RIGHT in 0.00s.
2026-09-27 11:23:45,866 [BombeRLeWorld] INFO: Agent <rule_based_agent_2> stayed within acceptable think time.
2026-09-27 11:23:45,954 [BombeRLeWorld] INFO: STARTING STEP 107
2026-09-27 11:23:45,965 [BombeRLeWorld] INFO: Agent <rule_based_agent_2> chose action RIGHT in 0.00s.
2026-09-27 11:23:45,965 [BombeRLeWorld] INFO: Agent <rule_based_agent_2> stayed within acceptable think time.
2026-09-27 11:23:45,965 [BombeRLeWorld] INFO: Agent <agent_1> chose action RIGHT in 0.00s.
2026-09-27 11:23:45,965 [BombeRLeWorld] INFO: Agent <agent_1> stayed within acceptable think time.
2026-09-27 11:23:45,965 [BombeRLeWorld] INFO: Agent <rule_based_agent_1> chose action BOMB in 0.00s.
2026-09-27 11:23:45,965 [BombeRLeWorld] INFO: Agent <rule_based_agent_1> stayed within acceptable think time.
2026-09-27 11:23:45,965 [BombeRLeWorld] INFO: Agent <rule_based_agent_1> drops bomb at (np.int64(7), np.int64(11))
2026-09-27 11:23:46,055 [BombeRLeWorld] INFO: STARTING STEP 108
2026-09-27 11:23:46,067 [BombeRLeWorld] INFO: Agent <rule_based_agent_2> chose action BOMB in 0.00s.
2026-09-27 11:23:46,067 [BombeRLeWorld] INFO: Agent <rule_based_agent_2> stayed within acceptable think time.
2026-09-27 11:23:46,067 [BombeRLeWorld] INFO: Agent <rule_based_agent_2> drops bomb at (np.int64(9), np.int64(3))
2026-09-27 11:23:46,067 [BombeRLeWorld] INFO: Agent <rule_based_agent_1> chose action RIGHT in 0.00s.
2026-09-27 11:23:46,067 [BombeRLeWorld] INFO: Agent <rule_based_agent_1> stayed within acceptable think time.
2026-09-27 11:23:46,067 [BombeRLeWorld] INFO: Agent <agent_1> chose action RIGHT in 0.01s.
2026-09-27 11:23:46,067 [BombeRLeWorld] INFO: Agent <agent_1> stayed within acceptable think time.
2026-09-27 11:23:46,155 [BombeRLeWorld] INFO: STARTING STEP 109
2026-09-27 11:23:46,163 [BombeRLeWorld] INFO: Agent <agent_1> chose action RIGHT in 0.00s.
2026-09-27 11:23:46,163 [BombeRLeWorld] INFO: Agent <agent_1> stayed within acceptable think time.
2026-09-27 11:23:46,163 [BombeRLeWorld] INFO: Agent <rule_based_agent_2> chose action UP in 0.00s.
2026-09-27 11:23:46,163 [BombeRLeWorld] INFO: Agent <rule_based_agent_2> stayed within acceptable think time.
2026-09-27 11:23:46,163 [BombeRLeWorld] INFO: Agent <rule_based_agent_1> chose action RIGHT in 0.00s.
2026-09-27 11:23:46,163 [BombeRLeWorld] INFO: Agent <rule_based_agent_1> stayed within acceptable think time.
2026-09-27 11:23:46,254 [BombeRLeWorld] INFO: STARTING STEP 110
2026-09-27 11:23:46,263 [BombeRLeWorld] INFO: Agent <agent_1> chose action RIGHT in 0.00s.
2026-09-27 11:23:46,264 [BombeRLeWorld] INFO: Agent <agent_1> stayed within acceptable think time.
2026-09-27 11:23:46,264 [BombeRLeWorld] INFO: Agent <rule_based_agent_2> chose action UP in 0.00s.
2026-09-27 11:23:46,264 [BombeRLeWorld] INFO: Agent <rule_based_agent_2> stayed within acceptable think time.
2026-09-27 11:23:46,264 [BombeRLeWorld] INFO: Agent <rule_based_agent_1> chose action DOWN in 0.00s.
2026-09-27 11:23:46,264 [BombeRLeWorld] INFO: Agent <rule_based_agent_1> stayed within acceptable think time.
2026-09-27 11:23:46,355 [BombeRLeWorld] INFO: STARTING STEP 111
2026-09-27 11:23:46,368 [BombeRLeWorld] INFO: Agent <agent_1> chose action LEFT in 0.01s.
2026-09-27 11:23:46,368 [BombeRLeWorld] INFO: Agent <agent_1> stayed within acceptable think time.
2026-09-27 11:23:46,368 [BombeRLeWorld] INFO: Agent <rule_based_agent_2> chose action RIGHT in 0.00s.
2026-09-27 11:23:46,368 [BombeRLeWorld] INFO: Agent <rule_based_agent_2> stayed within acceptable think time.
2026-09-27 11:23:46,368 [BombeRLeWorld] INFO: Agent <rule_based_agent_1> chose action DOWN in 0.00s.
2026-09-27 11:23:46,368 [BombeRLeWorld] INFO: Agent <rule_based_agent_1> stayed within acceptable think time.
2026-09-27 11:23:46,368 [BombeRLeWorld] INFO: Agent <rule_based_agent_1>'s bomb at (np.int64(7), np.int64(11)) explodes
2026-09-27 11:23:46,456 [BombeRLeWorld] INFO: STARTING STEP 112
2026-09-27 11:23:46,466 [BombeRLeWorld] INFO: Agent <rule_based_agent_1> chose action RIGHT in 0.00s.
2026-09-27 11:23:46,466 [BombeRLeWorld] INFO: Agent <rule_based_agent_1> stayed within acceptable think time.
2026-09-27 11:23:46,466 [BombeRLeWorld] INFO: Agent <rule_based_agent_2> chose action RIGHT in 0.00s.
2026-09-27 11:23:46,466 [BombeRLeWorld] INFO: Agent <rule_based_agent_2> stayed within acceptable think time.
2026-09-27 11:23:46,466 [BombeRLeWorld] INFO: Agent <agent_1> chose action DOWN in 0.01s.
2026-09-27 11:23:46,466 [BombeRLeWorld] INFO: Agent <agent_1> stayed within acceptable think time.
2026-09-27 11:23:46,466 [BombeRLeWorld] INFO: Agent <rule_based_agent_2>'s bomb at (np.int64(9), np.int64(3)) explodes
2026-09-27 11:23:46,558 [BombeRLeWorld] INFO: STARTING STEP 113
2026-09-27 11:23:46,566 [BombeRLeWorld] INFO: Agent <rule_based_agent_2> chose action DOWN in 0.00s.
2026-09-27 11:23:46,566 [BombeRLeWorld] INFO: Agent <rule_based_agent_2> stayed within acceptable think time.
2026-09-27 11:23:46,566 [BombeRLeWorld] INFO: Agent <rule_based_agent_1> chose action RIGHT in 0.00s.
2026-09-27 11:23:46,566 [BombeRLeWorld] INFO: Agent <rule_based_agent_1> stayed within acceptable think time.
2026-09-27 11:23:46,566 [BombeRLeWorld] INFO: Agent <agent_1> chose action DOWN in 0.00s.
2026-09-27 11:23:46,567 [BombeRLeWorld] INFO: Agent <agent_1> stayed within acceptable think time.
2026-09-27 11:23:46,658 [BombeRLeWorld] INFO: STARTING STEP 114
2026-09-27 11:23:46,665 [BombeRLeWorld] INFO: Agent <agent_1> chose action UP in 0.00s.
2026-09-27 11:23:46,665 [BombeRLeWorld] INFO: Agent <agent_1> stayed within acceptable think time.
2026-09-27 11:23:46,665 [BombeRLeWorld] INFO: Agent <rule_based_agent_2> chose action DOWN in 0.00s.
2026-09-27 11:23:46,665 [BombeRLeWorld] INFO: Agent <rule_based_agent_2> stayed within acceptable think time.
2026-09-27 11:23:46,665 [BombeRLeWorld] INFO: Agent <rule_based_agent_1> chose action BOMB in 0.00s.
2026-09-27 11:23:46,665 [BombeRLeWorld] INFO: Agent <rule_based_agent_1> stayed within acceptable think time.
2026-09-27 11:23:46,665 [BombeRLeWorld] INFO: Agent <rule_based_agent_1> drops bomb at (np.int64(11), np.int64(13))
2026-09-27 11:23:46,758 [BombeRLeWorld] INFO: STARTING STEP 115
2026-09-27 11:23:46,767 [BombeRLeWorld] INFO: Agent <rule_based_agent_2> chose action RIGHT in 0.00s.
2026-09-27 11:23:46,767 [BombeRLeWorld] INFO: Agent <rule_based_agent_2> stayed within acceptable think time.
2026-09-27 11:23:46,767 [BombeRLeWorld] INFO: Agent <rule_based_agent_1> chose action UP in 0.00s.
2026-09-27 11:23:46,767 [BombeRLeWorld] INFO: Agent <rule_based_agent_1> stayed within acceptable think time.
2026-09-27 11:23:46,767 [BombeRLeWorld] INFO: Agent <agent_1> chose action RIGHT in 0.01s.
2026-09-27 11:23:46,767 [BombeRLeWorld] INFO: Agent <agent_1> stayed within acceptable think time.
2026-09-27 11:23:46,857 [BombeRLeWorld] INFO: STARTING STEP 116
2026-09-27 11:23:46,864 [BombeRLeWorld] INFO: Agent <agent_1> chose action RIGHT in 0.00s.
2026-09-27 11:23:46,864 [BombeRLeWorld] INFO: Agent <agent_1> stayed within acceptable think time.
2026-09-27 11:23:46,864 [BombeRLeWorld] INFO: Agent <rule_based_agent_1> chose action UP in 0.00s.
2026-09-27 11:23:46,864 [BombeRLeWorld] INFO: Agent <rule_based_agent_1> stayed within acceptable think time.
2026-09-27 11:23:46,864 [BombeRLeWorld] INFO: Agent <rule_based_agent_2> chose action BOMB in 0.00s.
2026-09-27 11:23:46,864 [BombeRLeWorld] INFO: Agent <rule_based_agent_2> stayed within acceptable think time.
2026-09-27 11:23:46,864 [BombeRLeWorld] INFO: Agent <rule_based_agent_2> drops bomb at (np.int64(12), np.int64(3))
2026-09-27 11:23:46,957 [BombeRLeWorld] INFO: STARTING STEP 117
2026-09-27 11:23:46,964 [BombeRLeWorld] INFO: Agent <rule_based_agent_2> chose action LEFT in 0.00s.
2026-09-27 11:23:46,964 [BombeRLeWorld] INFO: Agent <rule_based_agent_2> stayed within acceptable think time.
2026-09-27 11:23:46,964 [BombeRLeWorld] INFO: Agent <agent_1> chose action BOMB in 0.00s.
2026-09-27 11:23:46,964 [BombeRLeWorld] INFO: Agent <agent_1> stayed within acceptable think time.
2026-09-27 11:23:46,964 [BombeRLeWorld] INFO: Agent <agent_1> drops bomb at (np.int64(13), np.int64(11))
2026-09-27 11:23:46,964 [BombeRLeWorld] INFO: Agent <rule_based_agent_1> chose action RIGHT in 0.00s.
2026-09-27 11:23:46,964 [BombeRLeWorld] INFO: Agent <rule_based_agent_1> stayed within acceptable think time.
2026-09-27 11:23:47,057 [BombeRLeWorld] INFO: STARTING STEP 118
2026-09-27 11:23:47,064 [BombeRLeWorld] INFO: Agent <rule_based_agent_1> chose action None in 0.00s.
2026-09-27 11:23:47,064 [BombeRLeWorld] INFO: Agent <rule_based_agent_1> stayed within acceptable think time.
2026-09-27 11:23:47,064 [BombeRLeWorld] INFO: Agent <rule_based_agent_2> chose action DOWN in 0.00s.
2026-09-27 11:23:47,064 [BombeRLeWorld] INFO: Agent <rule_based_agent_2> stayed within acceptable think time.
2026-09-27 11:23:47,064 [BombeRLeWorld] INFO: Agent <agent_1> chose action RIGHT in 0.00s.
2026-09-27 11:23:47,064 [BombeRLeWorld] INFO: Agent <agent_1> stayed within acceptable think time.
2026-09-27 11:23:47,064 [BombeRLeWorld] INFO: Agent <rule_based_agent_1>'s bomb at (np.int64(11), np.int64(13)) explodes
2026-09-27 11:23:47,159 [BombeRLeWorld] INFO: STARTING STEP 119
2026-09-27 11:23:47,166 [BombeRLeWorld] INFO: Agent <agent_1> chose action RIGHT in 0.00s.
2026-09-27 11:23:47,166 [BombeRLeWorld] INFO: Agent <agent_1> stayed within acceptable think time.
2026-09-27 11:23:47,166 [BombeRLeWorld] INFO: Agent <rule_based_agent_1> chose action None in 0.00s.
2026-09-27 11:23:47,166 [BombeRLeWorld] INFO: Agent <rule_based_agent_1> stayed within acceptable think time.
2026-09-27 11:23:47,166 [BombeRLeWorld] INFO: Agent <rule_based_agent_2> chose action DOWN in 0.00s.
2026-09-27 11:23:47,166 [BombeRLeWorld] INFO: Agent <rule_based_agent_2> stayed within acceptable think time.
2026-09-27 11:23:47,260 [BombeRLeWorld] INFO: STARTING STEP 120
2026-09-27 11:23:47,267 [BombeRLeWorld] INFO: Agent <rule_based_agent_1> chose action LEFT in 0.00s.
2026-09-27 11:23:47,267 [BombeRLeWorld] INFO: Agent <rule_based_agent_1> stayed within acceptable think time.
2026-09-27 11:23:47,268 [BombeRLeWorld] INFO: Agent <rule_based_agent_2> chose action DOWN in 0.00s.
2026-09-27 11:23:47,268 [BombeRLeWorld] INFO: Agent <rule_based_agent_2> stayed within acceptable think time.
2026-09-27 11:23:47,268 [BombeRLeWorld] INFO: Agent <agent_1> chose action UP in 0.00s.
2026-09-27 11:23:47,268 [BombeRLeWorld] INFO: Agent <agent_1> stayed within acceptable think time.
2026-09-27 11:23:47,268 [BombeRLeWorld] INFO: Agent <rule_based_agent_2>'s bomb at (np.int64(12), np.int64(3)) explodes
2026-09-27 11:23:47,360 [BombeRLeWorld] INFO: STARTING STEP 121
2026-09-27 11:23:47,368 [BombeRLeWorld] INFO: Agent <agent_1> chose action UP in 0.00s.
2026-09-27 11:23:47,368 [BombeRLeWorld] INFO: Agent <agent_1> stayed within acceptable think time.
2026-09-27 11:23:47,368 [BombeRLeWorld] INFO: Agent <rule_based_agent_1> chose action DOWN in 0.00s.
2026-09-27 11:23:47,368 [BombeRLeWorld] INFO: Agent <rule_based_agent_1> stayed within acceptable think time.
2026-09-27 11:23:47,368 [BombeRLeWorld] INFO: Agent <rule_based_agent_2> chose action DOWN in 0.00s.
2026-09-27 11:23:47,368 [BombeRLeWorld] INFO: Agent <rule_based_agent_2> stayed within acceptable think time.
2026-09-27 11:23:47,368 [BombeRLeWorld] INFO: Agent <agent_1>'s bomb at (np.int64(13), np.int64(11)) explodes
2026-09-27 11:23:47,462 [BombeRLeWorld] INFO: STARTING STEP 122
2026-09-27 11:23:47,470 [BombeRLeWorld] INFO: Agent <agent_1> chose action UP in 0.00s.
2026-09-27 11:23:47,470 [BombeRLeWorld] INFO: Agent <agent_1> stayed within acceptable think time.
2026-09-27 11:23:47,470 [BombeRLeWorld] INFO: Agent <rule_based_agent_1> chose action DOWN in 0.00s.
2026-09-27 11:23:47,470 [BombeRLeWorld] INFO: Agent <rule_based_agent_1> stayed within acceptable think time.
2026-09-27 11:23:47,470 [BombeRLeWorld] INFO: Agent <rule_based_agent_2> chose action DOWN in 0.00s.
2026-09-27 11:23:47,470 [BombeRLeWorld] INFO: Agent <rule_based_agent_2> stayed within acceptable think time.
2026-09-27 11:23:47,560 [BombeRLeWorld] INFO: STARTING STEP 123
2026-09-27 11:23:47,566 [BombeRLeWorld] INFO: Agent <rule_based_agent_1> chose action UP in 0.00s.
2026-09-27 11:23:47,566 [BombeRLeWorld] INFO: Agent <rule_based_agent_1> stayed within acceptable think time.
2026-09-27 11:23:47,566 [BombeRLeWorld] INFO: Agent <rule_based_agent_2> chose action DOWN in 0.00s.
2026-09-27 11:23:47,566 [BombeRLeWorld] INFO: Agent <rule_based_agent_2> stayed within acceptable think time.
2026-09-27 11:23:47,566 [BombeRLeWorld] INFO: Agent <agent_1> chose action UP in 0.00s.
2026-09-27 11:23:47,566 [BombeRLeWorld] INFO: Agent <agent_1> stayed within acceptable think time.
2026-09-27 11:23:47,660 [BombeRLeWorld] INFO: STARTING STEP 124
2026-09-27 11:23:47,666 [BombeRLeWorld] INFO: Agent <rule_based_agent_1> chose action UP in 0.00s.
2026-09-27 11:23:47,666 [BombeRLeWorld] INFO: Agent <rule_based_agent_1> stayed within acceptable think time.
2026-09-27 11:23:47,666 [BombeRLeWorld] INFO: Agent <agent_1> chose action LEFT in 0.00s.
2026-09-27 11:23:47,666 [BombeRLeWorld] INFO: Agent <agent_1> stayed within acceptable think time.
2026-09-27 11:23:47,666 [BombeRLeWorld] INFO: Agent <rule_based_agent_2> chose action DOWN in 0.00s.
2026-09-27 11:23:47,666 [BombeRLeWorld] INFO: Agent <rule_based_agent_2> stayed within acceptable think time.
2026-09-27 11:23:47,762 [BombeRLeWorld] INFO: STARTING STEP 125
2026-09-27 11:23:47,769 [BombeRLeWorld] INFO: Agent <rule_based_agent_1> chose action BOMB in 0.00s.
2026-09-27 11:23:47,769 [BombeRLeWorld] INFO: Agent <rule_based_agent_1> stayed within acceptable think time.
2026-09-27 11:23:47,769 [BombeRLeWorld] INFO: Agent <rule_based_agent_1> drops bomb at (np.int64(11), np.int64(11))
2026-09-27 11:23:47,769 [BombeRLeWorld] INFO: Agent <agent_1> chose action LEFT in 0.00s.
2026-09-27 11:23:47,769 [BombeRLeWorld] INFO: Agent <agent_1> stayed within acceptable think time.
2026-09-27 11:23:47,769 [BombeRLeWorld] INFO: Agent <rule_based_agent_2> chose action BOMB in 0.00s.
2026-09-27 11:23:47,769 [BombeRLeWorld] INFO: Agent <rule_based_agent_2> stayed within acceptable think time.
2026-09-27 11:23:47,769 [BombeRLeWorld] INFO: Agent <rule_based_agent_2> drops bomb at (np.int64(11), np.int64(10))
2026-09-27 11:23:47,861 [BombeRLeWorld] INFO: STARTING STEP 126
2026-09-27 11:23:47,869 [BombeRLeWorld] INFO: Agent <rule_based_agent_1> chose action DOWN in 0.00s.
2026-09-27 11:23:47,870 [BombeRLeWorld] INFO: Agent <rule_based_agent_1> stayed within acceptable think time.
2026-09-27 11:23:47,870 [BombeRLeWorld] INFO: Agent <agent_1> chose action BOMB in 0.00s.
2026-09-27 11:23:47,870 [BombeRLeWorld] INFO: Agent <agent_1> stayed within acceptable think time.
2026-09-27 11:23:47,870 [BombeRLeWorld] INFO: Agent <agent_1> drops bomb at (np.int64(13), np.int64(7))
2026-09-27 11:23:47,870 [BombeRLeWorld] INFO: Agent <rule_based_agent_2> chose action UP in 0.00s.
2026-09-27 11:23:47,870 [BombeRLeWorld] INFO: Agent <rule_based_agent_2> stayed within acceptable think time.
2026-09-27 11:23:47,963 [BombeRLeWorld] INFO: STARTING STEP 127
2026-09-27 11:23:47,973 [BombeRLeWorld] INFO: Agent <rule_based_agent_1> chose action DOWN in 0.01s.
2026-09-27 11:23:47,973 [BombeRLeWorld] INFO: Agent <rule_based_agent_1> stayed within acceptable think time.
2026-09-27 11:23:47,973 [BombeRLeWorld] INFO: Agent <rule_based_agent_2> chose action RIGHT in 0.00s.
2026-09-27 11:23:47,973 [BombeRLeWorld] INFO: Agent <rule_based_agent_2> stayed within acceptable think time.
2026-09-27 11:23:47,973 [BombeRLeWorld] INFO: Agent <agent_1> chose action RIGHT in 0.00s.
2026-09-27 11:23:47,973 [BombeRLeWorld] INFO: Agent <agent_1> stayed within acceptable think time.
2026-09-27 11:23:48,063 [BombeRLeWorld] INFO: STARTING STEP 128
2026-09-27 11:23:48,071 [BombeRLeWorld] INFO: Agent <agent_1> chose action RIGHT in 0.00s.
2026-09-27 11:23:48,071 [BombeRLeWorld] INFO: Agent <agent_1> stayed within acceptable think time.
2026-09-27 11:23:48,071 [BombeRLeWorld] INFO: Agent <rule_based_agent_1> chose action RIGHT in 0.00s.
2026-09-27 11:23:48,071 [BombeRLeWorld] INFO: Agent <rule_based_agent_1> stayed within acceptable think time.
2026-09-27 11:23:48,071 [BombeRLeWorld] INFO: Agent <rule_based_agent_2> chose action RIGHT in 0.00s.
2026-09-27 11:23:48,071 [BombeRLeWorld] INFO: Agent <rule_based_agent_2> stayed within acceptable think time.
2026-09-27 11:23:48,164 [BombeRLeWorld] INFO: STARTING STEP 129
2026-09-27 11:23:48,174 [BombeRLeWorld] INFO: Agent <rule_based_agent_1> chose action RIGHT in 0.01s.
2026-09-27 11:23:48,174 [BombeRLeWorld] INFO: Agent <rule_based_agent_1> stayed within acceptable think time.
2026-09-27 11:23:48,174 [BombeRLeWorld] INFO: Agent <rule_based_agent_2> chose action RIGHT in 0.00s.
2026-09-27 11:23:48,174 [BombeRLeWorld] INFO: Agent <rule_based_agent_2> stayed within acceptable think time.
2026-09-27 11:23:48,174 [BombeRLeWorld] INFO: Agent <agent_1> chose action DOWN in 0.00s.
2026-09-27 11:23:48,174 [BombeRLeWorld] INFO: Agent <agent_1> stayed within acceptable think time.
2026-09-27 11:23:48,174 [BombeRLeWorld] INFO: Agent <rule_based_agent_1>'s bomb at (np.int64(11), np.int64(11)) explodes
2026-09-27 11:23:48,174 [BombeRLeWorld] INFO: Agent <rule_based_agent_2>'s bomb at (np.int64(11), np.int64(10)) explodes
2026-09-27 11:23:48,264 [BombeRLeWorld] INFO: STARTING STEP 130
2026-09-27 11:23:48,274 [BombeRLeWorld] INFO: Agent <rule_based_agent_1> chose action UP in 0.01s.
2026-09-27 11:23:48,274 [BombeRLeWorld] INFO: Agent <rule_based_agent_1> stayed within acceptable think time.
2026-09-27 11:23:48,274 [BombeRLeWorld] INFO: Agent <agent_1> chose action DOWN in 0.00s.
2026-09-27 11:23:48,274 [BombeRLeWorld] INFO: Agent <agent_1> stayed within acceptable think time.
2026-09-27 11:23:48,274 [BombeRLeWorld] INFO: Agent <rule_based_agent_2> chose action RIGHT in 0.00s.
2026-09-27 11:23:48,274 [BombeRLeWorld] INFO: Agent <rule_based_agent_2> stayed within acceptable think time.
2026-09-27 11:23:48,274 [BombeRLeWorld] INFO: Agent <agent_1>'s bomb at (np.int64(13), np.int64(7)) explodes
2026-09-27 11:23:48,363 [BombeRLeWorld] INFO: STARTING STEP 131
2026-09-27 11:23:48,370 [BombeRLeWorld] INFO: Agent <rule_based_agent_2> chose action None in 0.00s.
2026-09-27 11:23:48,370 [BombeRLeWorld] INFO: Agent <rule_based_agent_2> stayed within acceptable think time.
2026-09-27 11:23:48,370 [BombeRLeWorld] INFO: Agent <rule_based_agent_1> chose action UP in 0.00s.
2026-09-27 11:23:48,370 [BombeRLeWorld] INFO: Agent <rule_based_agent_1> stayed within acceptable think time.
2026-09-27 11:23:48,370 [BombeRLeWorld] INFO: Agent <agent_1> chose action UP in 0.00s.
2026-09-27 11:23:48,370 [BombeRLeWorld] INFO: Agent <agent_1> stayed within acceptable think time.
2026-09-27 11:23:48,465 [BombeRLeWorld] INFO: STARTING STEP 132
2026-09-27 11:23:48,474 [BombeRLeWorld] INFO: Agent <rule_based_agent_2> chose action RIGHT in 0.00s.
2026-09-27 11:23:48,474 [BombeRLeWorld] INFO: Agent <rule_based_agent_2> stayed within acceptable think time.
2026-09-27 11:23:48,474 [BombeRLeWorld] INFO: Agent <agent_1> chose action DOWN in 0.00s.
2026-09-27 11:23:48,474 [BombeRLeWorld] INFO: Agent <agent_1> stayed within acceptable think time.
2026-09-27 11:23:48,474 [BombeRLeWorld] INFO: Agent <rule_based_agent_1> chose action UP in 0.00s.
2026-09-27 11:23:48,474 [BombeRLeWorld] INFO: Agent <rule_based_agent_1> stayed within acceptable think time.
2026-09-27 11:23:48,565 [BombeRLeWorld] INFO: STARTING STEP 133
2026-09-27 11:23:48,570 [BombeRLeWorld] INFO: Agent <rule_based_agent_1> chose action UP in 0.00s.
2026-09-27 11:23:48,570 [BombeRLeWorld] INFO: Agent <rule_based_agent_1> stayed within acceptable think time.
2026-09-27 11:23:48,571 [BombeRLeWorld] INFO: Agent <agent_1> chose action UP in 0.00s.
2026-09-27 11:23:48,571 [BombeRLeWorld] INFO: Agent <agent_1> stayed within acceptable think time.
2026-09-27 11:23:48,571 [BombeRLeWorld] INFO: Agent <rule_based_agent_2> chose action BOMB in 0.00s.
2026-09-27 11:23:48,571 [BombeRLeWorld] INFO: Agent <rule_based_agent_2> stayed within acceptable think time.
2026-09-27 11:23:48,571 [BombeRLeWorld] INFO: Agent <rule_based_agent_2> drops bomb at (np.int64(15), np.int64(9))
2026-09-27 11:23:48,665 [BombeRLeWorld] INFO: STARTING STEP 134
2026-09-27 11:23:48,672 [BombeRLeWorld] INFO: Agent <rule_based_agent_2> chose action DOWN in 0.00s.
2026-09-27 11:23:48,673 [BombeRLeWorld] INFO: Agent <rule_based_agent_2> stayed within acceptable think time.
2026-09-27 11:23:48,673 [BombeRLeWorld] INFO: Agent <agent_1> chose action LEFT in 0.00s.
2026-09-27 11:23:48,673 [BombeRLeWorld] INFO: Agent <agent_1> stayed within acceptable think time.
2026-09-27 11:23:48,673 [BombeRLeWorld] INFO: Agent <rule_based_agent_1> chose action DOWN in 0.00s.
2026-09-27 11:23:48,673 [BombeRLeWorld] INFO: Agent <rule_based_agent_1> stayed within acceptable think time.
2026-09-27 11:23:48,765 [BombeRLeWorld] INFO: STARTING STEP 135
2026-09-27 11:23:48,772 [BombeRLeWorld] INFO: Agent <rule_based_agent_1> chose action UP in 0.00s.
2026-09-27 11:23:48,773 [BombeRLeWorld] INFO: Agent <rule_based_agent_1> stayed within acceptable think time.
2026-09-27 11:23:48,773 [BombeRLeWorld] INFO: Agent <agent_1> chose action LEFT in 0.00s.
2026-09-27 11:23:48,773 [BombeRLeWorld] INFO: Agent <agent_1> stayed within acceptable think time.
2026-09-27 11:23:48,773 [BombeRLeWorld] INFO: Agent <rule_based_agent_2> chose action DOWN in 0.00s.
2026-09-27 11:23:48,773 [BombeRLeWorld] INFO: Agent <rule_based_agent_2> stayed within acceptable think time.
2026-09-27 11:23:48,866 [BombeRLeWorld] INFO: STARTING STEP 136
2026-09-27 11:23:48,874 [BombeRLeWorld] INFO: Agent <rule_based_agent_2> chose action LEFT in 0.00s.
2026-09-27 11:23:48,874 [BombeRLeWorld] INFO: Agent <rule_based_agent_2> stayed within acceptable think time.
2026-09-27 11:23:48,874 [BombeRLeWorld] INFO: Agent <rule_based_agent_1> chose action DOWN in 0.00s.
2026-09-27 11:23:48,874 [BombeRLeWorld] INFO: Agent <rule_based_agent_1> stayed within acceptable think time.
2026-09-27 11:23:48,874 [BombeRLeWorld] INFO: Agent <agent_1> chose action DOWN in 0.01s.
2026-09-27 11:23:48,874 [BombeRLeWorld] INFO: Agent <agent_1> stayed within acceptable think time.
2026-09-27 11:23:48,966 [BombeRLeWorld] INFO: STARTING STEP 137
2026-09-27 11:23:48,974 [BombeRLeWorld] INFO: Agent <rule_based_agent_1> chose action DOWN in 0.00s.
2026-09-27 11:23:48,974 [BombeRLeWorld] INFO: Agent <rule_based_agent_1> stayed within acceptable think time.
2026-09-27 11:23:48,974 [BombeRLeWorld] INFO: Agent <rule_based_agent_2> chose action LEFT in 0.00s.
2026-09-27 11:23:48,974 [BombeRLeWorld] INFO: Agent <rule_based_agent_2> stayed within acceptable think time.
2026-09-27 11:23:48,974 [BombeRLeWorld] INFO: Agent <agent_1> chose action UP in 0.00s.
2026-09-27 11:23:48,974 [BombeRLeWorld] INFO: Agent <agent_1> stayed within acceptable think time.
2026-09-27 11:23:48,974 [BombeRLeWorld] INFO: Agent <rule_based_agent_2>'s bomb at (np.int64(15), np.int64(9)) explodes
2026-09-27 11:23:49,066 [BombeRLeWorld] INFO: STARTING STEP 138
2026-09-27 11:23:49,073 [BombeRLeWorld] INFO: Agent <rule_based_agent_2> chose action None in 0.00s.
2026-09-27 11:23:49,073 [BombeRLeWorld] INFO: Agent <rule_based_agent_2> stayed within acceptable think time.
2026-09-27 11:23:49,073 [BombeRLeWorld] INFO: Agent <agent_1> chose action DOWN in 0.00s.
2026-09-27 11:23:49,073 [BombeRLeWorld] INFO: Agent <agent_1> stayed within acceptable think time.
2026-09-27 11:23:49,073 [BombeRLeWorld] INFO: Agent <rule_based_agent_1> chose action BOMB in 0.00s.
2026-09-27 11:23:49,073 [BombeRLeWorld] INFO: Agent <rule_based_agent_1> stayed within acceptable think time.
2026-09-27 11:23:49,073 [BombeRLeWorld] INFO: Agent <rule_based_agent_1> drops bomb at (np.int64(13), np.int64(11))
2026-09-27 11:23:49,167 [BombeRLeWorld] INFO: STARTING STEP 139
2026-09-27 11:23:49,176 [BombeRLeWorld] INFO: Agent <rule_based_agent_1> chose action DOWN in 0.00s.
2026-09-27 11:23:49,176 [BombeRLeWorld] INFO: Agent <rule_based_agent_1> stayed within acceptable think time.
2026-09-27 11:23:49,176 [BombeRLeWorld] INFO: Agent <agent_1> chose action DOWN in 0.01s.
2026-09-27 11:23:49,176 [BombeRLeWorld] INFO: Agent <agent_1> stayed within acceptable think time.
2026-09-27 11:23:49,176 [BombeRLeWorld] INFO: Agent <rule_based_agent_2> chose action RIGHT in 0.00s.
2026-09-27 11:23:49,176 [BombeRLeWorld] INFO: Agent <rule_based_agent_2> stayed within acceptable think time.
2026-09-27 11:23:49,267 [BombeRLeWorld] INFO: STARTING STEP 140
2026-09-27 11:23:49,275 [BombeRLeWorld] INFO: Agent <agent_1> chose action RIGHT in 0.01s.
2026-09-27 11:23:49,275 [BombeRLeWorld] INFO: Agent <agent_1> stayed within acceptable think time.
2026-09-27 11:23:49,275 [BombeRLeWorld] INFO: Agent <rule_based_agent_2> chose action DOWN in 0.00s.
2026-09-27 11:23:49,275 [BombeRLeWorld] INFO: Agent <rule_based_agent_2> stayed within acceptable think time.
2026-09-27 11:23:49,275 [BombeRLeWorld] INFO: Agent <rule_based_agent_1> chose action DOWN in 0.00s.
2026-09-27 11:23:49,275 [BombeRLeWorld] INFO: Agent <rule_based_agent_1> stayed within acceptable think time.
2026-09-27 11:23:49,368 [BombeRLeWorld] INFO: STARTING STEP 141
2026-09-27 11:23:49,376 [BombeRLeWorld] INFO: Agent <rule_based_agent_2> chose action DOWN in 0.00s.
2026-09-27 11:23:49,377 [BombeRLeWorld] INFO: Agent <rule_based_agent_2> stayed within acceptable think time.
2026-09-27 11:23:49,377 [BombeRLeWorld] INFO: Agent <rule_based_agent_1> chose action RIGHT in 0.00s.
2026-09-27 11:23:49,377 [BombeRLeWorld] INFO: Agent <rule_based_agent_1> stayed within acceptable think time.
2026-09-27 11:23:49,377 [BombeRLeWorld] INFO: Agent <agent_1> chose action RIGHT in 0.00s.
2026-09-27 11:23:49,377 [BombeRLeWorld] INFO: Agent <agent_1> stayed within acceptable think time.
2026-09-27 11:23:49,469 [BombeRLeWorld] INFO: STARTING STEP 142
2026-09-27 11:23:49,476 [BombeRLeWorld] INFO: Agent <agent_1> chose action DOWN in 0.00s.
2026-09-27 11:23:49,476 [BombeRLeWorld] INFO: Agent <agent_1> stayed within acceptable think time.
2026-09-27 11:23:49,476 [BombeRLeWorld] INFO: Agent <rule_based_agent_1> chose action None in 0.00s.
2026-09-27 11:23:49,477 [BombeRLeWorld] INFO: Agent <rule_based_agent_1> stayed within acceptable think time.
2026-09-27 11:23:49,477 [BombeRLeWorld] INFO: Agent <rule_based_agent_2> chose action BOMB in 0.00s.
2026-09-27 11:23:49,477 [BombeRLeWorld] INFO: Agent <rule_based_agent_2> stayed within acceptable think time.
2026-09-27 11:23:49,477 [BombeRLeWorld] INFO: Agent <rule_based_agent_2> drops bomb at (np.int64(15), np.int64(13))
2026-09-27 11:23:49,477 [BombeRLeWorld] INFO: Agent <rule_based_agent_1>'s bomb at (np.int64(13), np.int64(11)) explodes
2026-09-27 11:23:49,569 [BombeRLeWorld] INFO: STARTING STEP 143
2026-09-27 11:23:49,576 [BombeRLeWorld] INFO: Agent <rule_based_agent_1> chose action None in 0.00s.
2026-09-27 11:23:49,576 [BombeRLeWorld] INFO: Agent <rule_based_agent_1> stayed within acceptable think time.
2026-09-27 11:23:49,576 [BombeRLeWorld] INFO: Agent <agent_1> chose action UP in 0.00s.
2026-09-27 11:23:49,576 [BombeRLeWorld] INFO: Agent <agent_1> stayed within acceptable think time.
2026-09-27 11:23:49,576 [BombeRLeWorld] INFO: Agent <rule_based_agent_2> chose action UP in 0.00s.
2026-09-27 11:23:49,577 [BombeRLeWorld] INFO: Agent <rule_based_agent_2> stayed within acceptable think time.
2026-09-27 11:23:49,670 [BombeRLeWorld] INFO: STARTING STEP 144
2026-09-27 11:23:49,677 [BombeRLeWorld] INFO: Agent <rule_based_agent_1> chose action LEFT in 0.00s.
2026-09-27 11:23:49,678 [BombeRLeWorld] INFO: Agent <rule_based_agent_1> stayed within acceptable think time.
2026-09-27 11:23:49,678 [BombeRLeWorld] INFO: Agent <agent_1> chose action DOWN in 0.00s.
2026-09-27 11:23:49,678 [BombeRLeWorld] INFO: Agent <agent_1> stayed within acceptable think time.
2026-09-27 11:23:49,678 [BombeRLeWorld] INFO: Agent <rule_based_agent_2> chose action UP in 0.00s.
2026-09-27 11:23:49,678 [BombeRLeWorld] INFO: Agent <rule_based_agent_2> stayed within acceptable think time.
2026-09-27 11:23:49,769 [BombeRLeWorld] INFO: STARTING STEP 145
2026-09-27 11:23:49,774 [BombeRLeWorld] INFO: Agent <rule_based_agent_2> chose action LEFT in 0.00s.
2026-09-27 11:23:49,774 [BombeRLeWorld] INFO: Agent <rule_based_agent_2> stayed within acceptable think time.
2026-09-27 11:23:49,774 [BombeRLeWorld] INFO: Agent <rule_based_agent_1> chose action DOWN in 0.00s.
2026-09-27 11:23:49,774 [BombeRLeWorld] INFO: Agent <rule_based_agent_1> stayed within acceptable think time.
2026-09-27 11:23:49,774 [BombeRLeWorld] INFO: Agent <agent_1> chose action UP in 0.00s.
2026-09-27 11:23:49,774 [BombeRLeWorld] INFO: Agent <agent_1> stayed within acceptable think time.
2026-09-27 11:23:49,871 [BombeRLeWorld] INFO: STARTING STEP 146
2026-09-27 11:23:49,882 [BombeRLeWorld] INFO: Agent <rule_based_agent_2> chose action LEFT in 0.00s.
2026-09-27 11:23:49,882 [BombeRLeWorld] INFO: Agent <rule_based_agent_2> stayed within acceptable think time.
2026-09-27 11:23:49,882 [BombeRLeWorld] INFO: Agent <agent_1> chose action UP in 0.00s.
2026-09-27 11:23:49,882 [BombeRLeWorld] INFO: Agent <agent_1> stayed within acceptable think time.
2026-09-27 11:23:49,882 [BombeRLeWorld] INFO: Agent <rule_based_agent_1> chose action DOWN in 0.00s.
2026-09-27 11:23:49,882 [BombeRLeWorld] INFO: Agent <rule_based_agent_1> stayed within acceptable think time.
2026-09-27 11:23:49,882 [BombeRLeWorld] INFO: Agent <rule_based_agent_2>'s bomb at (np.int64(15), np.int64(13)) explodes
2026-09-27 11:23:49,970 [BombeRLeWorld] INFO: STARTING STEP 147
2026-09-27 11:23:49,978 [BombeRLeWorld] INFO: Agent <rule_based_agent_1> chose action UP in 0.00s.
2026-09-27 11:23:49,978 [BombeRLeWorld] INFO: Agent <rule_based_agent_1> stayed within acceptable think time.
2026-09-27 11:23:49,978 [BombeRLeWorld] INFO: Agent <agent_1> chose action DOWN in 0.00s.
2026-09-27 11:23:49,978 [BombeRLeWorld] INFO: Agent <agent_1> stayed within acceptable think time.
2026-09-27 11:23:49,978 [BombeRLeWorld] INFO: Agent <rule_based_agent_2> chose action UP in 0.00s.
2026-09-27 11:23:49,978 [BombeRLeWorld] INFO: Agent <rule_based_agent_2> stayed within acceptable think time.
2026-09-27 11:23:50,072 [BombeRLeWorld] INFO: STARTING STEP 148
2026-09-27 11:23:50,082 [BombeRLeWorld] INFO: Agent <rule_based_agent_1> chose action UP in 0.00s.
2026-09-27 11:23:50,082 [BombeRLeWorld] INFO: Agent <rule_based_agent_1> stayed within acceptable think time.
2026-09-27 11:23:50,082 [BombeRLeWorld] INFO: Agent <agent_1> chose action LEFT in 0.00s.
2026-09-27 11:23:50,082 [BombeRLeWorld] INFO: Agent <agent_1> stayed within acceptable think time.
2026-09-27 11:23:50,082 [BombeRLeWorld] INFO: Agent <rule_based_agent_2> chose action UP in 0.00s.
2026-09-27 11:23:50,082 [BombeRLeWorld] INFO: Agent <rule_based_agent_2> stayed within acceptable think time.
2026-09-27 11:23:50,172 [BombeRLeWorld] INFO: STARTING STEP 149
2026-09-27 11:23:50,185 [BombeRLeWorld] INFO: Agent <rule_based_agent_2> chose action BOMB in 0.00s.
2026-09-27 11:23:50,185 [BombeRLeWorld] INFO: Agent <rule_based_agent_2> stayed within acceptable think time.
2026-09-27 11:23:50,185 [BombeRLeWorld] INFO: Agent <rule_based_agent_2> drops bomb at (np.int64(13), np.int64(9))
2026-09-27 11:23:50,185 [BombeRLeWorld] INFO: Agent <agent_1> chose action RIGHT in 0.00s.
2026-09-27 11:23:50,185 [BombeRLeWorld] INFO: Agent <agent_1> stayed within acceptable think time.
2026-09-27 11:23:50,185 [BombeRLeWorld] INFO: Agent <rule_based_agent_1> chose action UP in 0.00s.
2026-09-27 11:23:50,185 [BombeRLeWorld] INFO: Agent <rule_based_agent_1> stayed within acceptable think time.
2026-09-27 11:23:50,273 [BombeRLeWorld] INFO: STARTING STEP 150
2026-09-27 11:23:50,286 [BombeRLeWorld] INFO: Agent <agent_1> chose action UP in 0.00s.
2026-09-27 11:23:50,286 [BombeRLeWorld] INFO: Agent <agent_1> stayed within acceptable think time.
2026-09-27 11:23:50,286 [BombeRLeWorld] INFO: Agent <rule_based_agent_1> chose action DOWN in 0.00s.
2026-09-27 11:23:50,286 [BombeRLeWorld] INFO: Agent <rule_based_agent_1> stayed within acceptable think time.
2026-09-27 11:23:50,286 [BombeRLeWorld] INFO: Agent <rule_based_agent_2> chose action LEFT in 0.00s.
2026-09-27 11:23:50,287 [BombeRLeWorld] INFO: Agent <rule_based_agent_2> stayed within acceptable think time.
2026-09-27 11:23:50,374 [BombeRLeWorld] INFO: STARTING STEP 151
2026-09-27 11:23:50,384 [BombeRLeWorld] INFO: Agent <agent_1> chose action DOWN in 0.00s.
2026-09-27 11:23:50,384 [BombeRLeWorld] INFO: Agent <agent_1> stayed within acceptable think time.
2026-09-27 11:23:50,384 [BombeRLeWorld] INFO: Agent <rule_based_agent_1> chose action UP in 0.00s.
2026-09-27 11:23:50,384 [BombeRLeWorld] INFO: Agent <rule_based_agent_1> stayed within acceptable think time.
2026-09-27 11:23:50,384 [BombeRLeWorld] INFO: Agent <rule_based_agent_2> chose action LEFT in 0.00s.
2026-09-27 11:23:50,385 [BombeRLeWorld] INFO: Agent <rule_based_agent_2> stayed within acceptable think time.
2026-09-27 11:23:50,472 [BombeRLeWorld] INFO: STARTING STEP 152
2026-09-27 11:23:50,480 [BombeRLeWorld] INFO: Agent <rule_based_agent_2> chose action DOWN in 0.00s.
2026-09-27 11:23:50,480 [BombeRLeWorld] INFO: Agent <rule_based_agent_2> stayed within acceptable think time.
2026-09-27 11:23:50,480 [BombeRLeWorld] INFO: Agent <agent_1> chose action DOWN in 0.00s.
2026-09-27 11:23:50,480 [BombeRLeWorld] INFO: Agent <agent_1> stayed within acceptable think time.
2026-09-27 11:23:50,480 [BombeRLeWorld] INFO: Agent <rule_based_agent_1> chose action DOWN in 0.00s.
2026-09-27 11:23:50,480 [BombeRLeWorld] INFO: Agent <rule_based_agent_1> stayed within acceptable think time.
2026-09-27 11:23:50,574 [BombeRLeWorld] INFO: STARTING STEP 153
2026-09-27 11:23:50,585 [BombeRLeWorld] INFO: Agent <rule_based_agent_1> chose action DOWN in 0.00s.
2026-09-27 11:23:50,585 [BombeRLeWorld] INFO: Agent <rule_based_agent_1> stayed within acceptable think time.
2026-09-27 11:23:50,585 [BombeRLeWorld] INFO: Agent <agent_1> chose action DOWN in 0.00s.
2026-09-27 11:23:50,585 [BombeRLeWorld] INFO: Agent <agent_1> stayed within acceptable think time.
2026-09-27 11:23:50,585 [BombeRLeWorld] INFO: Agent <rule_based_agent_2> chose action DOWN in 0.00s.
2026-09-27 11:23:50,585 [BombeRLeWorld] INFO: Agent <rule_based_agent_2> stayed within acceptable think time.
2026-09-27 11:23:50,585 [BombeRLeWorld] INFO: Agent <rule_based_agent_2>'s bomb at (np.int64(13), np.int64(9)) explodes
2026-09-27 11:23:50,675 [BombeRLeWorld] INFO: STARTING STEP 154
2026-09-27 11:23:50,685 [BombeRLeWorld] INFO: Agent <rule_based_agent_2> chose action RIGHT in 0.00s.
2026-09-27 11:23:50,685 [BombeRLeWorld] INFO: Agent <rule_based_agent_2> stayed within acceptable think time.
2026-09-27 11:23:50,685 [BombeRLeWorld] INFO: Agent <agent_1> chose action LEFT in 0.00s.
2026-09-27 11:23:50,686 [BombeRLeWorld] INFO: Agent <agent_1> stayed within acceptable think time.
2026-09-27 11:23:50,686 [BombeRLeWorld] INFO: Agent <rule_based_agent_1> chose action UP in 0.00s.
2026-09-27 11:23:50,686 [BombeRLeWorld] INFO: Agent <rule_based_agent_1> stayed within acceptable think time.
2026-09-27 11:23:50,776 [BombeRLeWorld] INFO: STARTING STEP 155
2026-09-27 11:23:50,786 [BombeRLeWorld] INFO: Agent <rule_based_agent_1> chose action UP in 0.00s.
2026-09-27 11:23:50,786 [BombeRLeWorld] INFO: Agent <rule_based_agent_1> stayed within acceptable think time.
2026-09-27 11:23:50,786 [BombeRLeWorld] INFO: Agent <agent_1> chose action LEFT in 0.00s.
2026-09-27 11:23:50,786 [BombeRLeWorld] INFO: Agent <agent_1> stayed within acceptable think time.
2026-09-27 11:23:50,786 [BombeRLeWorld] INFO: Agent <rule_based_agent_2> chose action RIGHT in 0.00s.
2026-09-27 11:23:50,786 [BombeRLeWorld] INFO: Agent <rule_based_agent_2> stayed within acceptable think time.
2026-09-27 11:23:50,875 [BombeRLeWorld] INFO: STARTING STEP 156
2026-09-27 11:23:50,885 [BombeRLeWorld] INFO: Agent <rule_based_agent_1> chose action BOMB in 0.00s.
2026-09-27 11:23:50,885 [BombeRLeWorld] INFO: Agent <rule_based_agent_1> stayed within acceptable think time.
2026-09-27 11:23:50,885 [BombeRLeWorld] INFO: Agent <rule_based_agent_1> drops bomb at (np.int64(13), np.int64(12))
2026-09-27 11:23:50,885 [BombeRLeWorld] INFO: Agent <rule_based_agent_2> chose action BOMB in 0.00s.
2026-09-27 11:23:50,885 [BombeRLeWorld] INFO: Agent <rule_based_agent_2> stayed within acceptable think time.
2026-09-27 11:23:50,885 [BombeRLeWorld] INFO: Agent <rule_based_agent_2> drops bomb at (np.int64(12), np.int64(11))
2026-09-27 11:23:50,885 [BombeRLeWorld] INFO: Agent <agent_1> chose action UP in 0.00s.
2026-09-27 11:23:50,885 [BombeRLeWorld] INFO: Agent <agent_1> stayed within acceptable think time.
2026-09-27 11:23:50,976 [BombeRLeWorld] INFO: STARTING STEP 157
2026-09-27 11:23:50,986 [BombeRLeWorld] INFO: Agent <rule_based_agent_2> chose action RIGHT in 0.00s.
2026-09-27 11:23:50,986 [BombeRLeWorld] INFO: Agent <rule_based_agent_2> stayed within acceptable think time.
2026-09-27 11:23:50,986 [BombeRLeWorld] INFO: Agent <rule_based_agent_1> chose action UP in 0.00s.
2026-09-27 11:23:50,986 [BombeRLeWorld] INFO: Agent <rule_based_agent_1> stayed within acceptable think time.
2026-09-27 11:23:50,986 [BombeRLeWorld] INFO: Agent <agent_1> chose action UP in 0.00s.
2026-09-27 11:23:50,986 [BombeRLeWorld] INFO: Agent <agent_1> stayed within acceptable think time.
2026-09-27 11:23:51,076 [BombeRLeWorld] INFO: STARTING STEP 158
2026-09-27 11:23:51,089 [BombeRLeWorld] INFO: Agent <rule_based_agent_2> chose action UP in 0.00s.
2026-09-27 11:23:51,089 [BombeRLeWorld] INFO: Agent <rule_based_agent_2> stayed within acceptable think time.
2026-09-27 11:23:51,089 [BombeRLeWorld] INFO: Agent <rule_based_agent_1> chose action DOWN in 0.00s.
2026-09-27 11:23:51,089 [BombeRLeWorld] INFO: Agent <rule_based_agent_1> stayed within acceptable think time.
2026-09-27 11:23:51,089 [BombeRLeWorld] INFO: Agent <agent_1> chose action UP in 0.01s.
2026-09-27 11:23:51,089 [BombeRLeWorld] INFO: Agent <agent_1> stayed within acceptable think time.
2026-09-27 11:23:51,176 [BombeRLeWorld] INFO: STARTING STEP 159
2026-09-27 11:23:51,185 [BombeRLeWorld] INFO: Agent <rule_based_agent_2> chose action UP in 0.00s.
2026-09-27 11:23:51,185 [BombeRLeWorld] INFO: Agent <rule_based_agent_2> stayed within acceptable think time.
2026-09-27 11:23:51,185 [BombeRLeWorld] INFO: Agent <rule_based_agent_1> chose action RIGHT in 0.00s.
2026-09-27 11:23:51,185 [BombeRLeWorld] INFO: Agent <rule_based_agent_1> stayed within acceptable think time.
2026-09-27 11:23:51,185 [BombeRLeWorld] INFO: Agent <agent_1> chose action UP in 0.00s.
2026-09-27 11:23:51,185 [BombeRLeWorld] INFO: Agent <agent_1> stayed within acceptable think time.
2026-09-27 11:23:51,278 [BombeRLeWorld] INFO: STARTING STEP 160
2026-09-27 11:23:51,290 [BombeRLeWorld] INFO: Agent <rule_based_agent_1> chose action RIGHT in 0.00s.
2026-09-27 11:23:51,290 [BombeRLeWorld] INFO: Agent <rule_based_agent_1> stayed within acceptable think time.
2026-09-27 11:23:51,290 [BombeRLeWorld] INFO: Agent <rule_based_agent_2> chose action RIGHT in 0.00s.
2026-09-27 11:23:51,290 [BombeRLeWorld] INFO: Agent <rule_based_agent_2> stayed within acceptable think time.
2026-09-27 11:23:51,290 [BombeRLeWorld] INFO: Agent <agent_1> chose action DOWN in 0.01s.
2026-09-27 11:23:51,290 [BombeRLeWorld] INFO: Agent <agent_1> stayed within acceptable think time.
2026-09-27 11:23:51,290 [BombeRLeWorld] INFO: Agent <rule_based_agent_1>'s bomb at (np.int64(13), np.int64(12)) explodes
2026-09-27 11:23:51,290 [BombeRLeWorld] INFO: Agent <rule_based_agent_2>'s bomb at (np.int64(12), np.int64(11)) explodes
2026-09-27 11:23:51,378 [BombeRLeWorld] INFO: STARTING STEP 161
2026-09-27 11:23:51,386 [BombeRLeWorld] INFO: Agent <rule_based_agent_1> chose action UP in 0.00s.
2026-09-27 11:23:51,386 [BombeRLeWorld] INFO: Agent <rule_based_agent_1> stayed within acceptable think time.
2026-09-27 11:23:51,386 [BombeRLeWorld] INFO: Agent <rule_based_agent_2> chose action RIGHT in 0.00s.
2026-09-27 11:23:51,386 [BombeRLeWorld] INFO: Agent <rule_based_agent_2> stayed within acceptable think time.
2026-09-27 11:23:51,386 [BombeRLeWorld] INFO: Agent <agent_1> chose action UP in 0.00s.
2026-09-27 11:23:51,386 [BombeRLeWorld] INFO: Agent <agent_1> stayed within acceptable think time.
2026-09-27 11:23:51,479 [BombeRLeWorld] INFO: STARTING STEP 162
2026-09-27 11:23:51,492 [BombeRLeWorld] INFO: Agent <rule_based_agent_2> chose action DOWN in 0.00s.
2026-09-27 11:23:51,492 [BombeRLeWorld] INFO: Agent <rule_based_agent_2> stayed within acceptable think time.
2026-09-27 11:23:51,492 [BombeRLeWorld] INFO: Agent <rule_based_agent_1> chose action UP in 0.00s.
2026-09-27 11:23:51,492 [BombeRLeWorld] INFO: Agent <rule_based_agent_1> stayed within acceptable think time.
2026-09-27 11:23:51,492 [BombeRLeWorld] INFO: Agent <agent_1> chose action RIGHT in 0.01s.
2026-09-27 11:23:51,492 [BombeRLeWorld] INFO: Agent <agent_1> stayed within acceptable think time.
2026-09-27 11:23:51,579 [BombeRLeWorld] INFO: STARTING STEP 163
2026-09-27 11:23:51,589 [BombeRLeWorld] INFO: Agent <rule_based_agent_1> chose action BOMB in 0.00s.
2026-09-27 11:23:51,589 [BombeRLeWorld] INFO: Agent <rule_based_agent_1> stayed within acceptable think time.
2026-09-27 11:23:51,589 [BombeRLeWorld] INFO: Agent <rule_based_agent_1> drops bomb at (np.int64(15), np.int64(11))
2026-09-27 11:23:51,589 [BombeRLeWorld] INFO: Agent <agent_1> chose action RIGHT in 0.01s.
2026-09-27 11:23:51,589 [BombeRLeWorld] INFO: Agent <agent_1> stayed within acceptable think time.
2026-09-27 11:23:51,589 [BombeRLeWorld] INFO: Agent <rule_based_agent_2> chose action BOMB in 0.00s.
2026-09-27 11:23:51,590 [BombeRLeWorld] INFO: Agent <rule_based_agent_2> stayed within acceptable think time.
2026-09-27 11:23:51,590 [BombeRLeWorld] INFO: Agent <rule_based_agent_2> drops bomb at (np.int64(15), np.int64(10))
2026-09-27 11:23:51,680 [BombeRLeWorld] INFO: STARTING STEP 164
2026-09-27 11:23:51,690 [BombeRLeWorld] INFO: Agent <rule_based_agent_1> chose action LEFT in 0.00s.
2026-09-27 11:23:51,691 [BombeRLeWorld] INFO: Agent <rule_based_agent_1> stayed within acceptable think time.
2026-09-27 11:23:51,691 [BombeRLeWorld] INFO: Agent <agent_1> chose action DOWN in 0.00s.
2026-09-27 11:23:51,691 [BombeRLeWorld] INFO: Agent <agent_1> stayed within acceptable think time.
2026-09-27 11:23:51,691 [BombeRLeWorld] INFO: Agent <rule_based_agent_2> chose action UP in 0.00s.
2026-09-27 11:23:51,691 [BombeRLeWorld] INFO: Agent <rule_based_agent_2> stayed within acceptable think time.
2026-09-27 11:23:51,780 [BombeRLeWorld] INFO: STARTING STEP 165
2026-09-27 11:23:51,786 [BombeRLeWorld] INFO: Agent <rule_based_agent_1> chose action LEFT in 0.00s.
2026-09-27 11:23:51,786 [BombeRLeWorld] INFO: Agent <rule_based_agent_1> stayed within acceptable think time.
2026-09-27 11:23:51,786 [BombeRLeWorld] INFO: Agent <rule_based_agent_2> chose action LEFT in 0.00s.
2026-09-27 11:23:51,786 [BombeRLeWorld] INFO: Agent <rule_based_agent_2> stayed within acceptable think time.
2026-09-27 11:23:51,786 [BombeRLeWorld] INFO: Agent <agent_1> chose action UP in 0.00s.
2026-09-27 11:23:51,786 [BombeRLeWorld] INFO: Agent <agent_1> stayed within acceptable think time.
2026-09-27 11:23:51,879 [BombeRLeWorld] INFO: STARTING STEP 166
2026-09-27 11:23:51,884 [BombeRLeWorld] INFO: Agent <agent_1> chose action LEFT in 0.00s.
2026-09-27 11:23:51,884 [BombeRLeWorld] INFO: Agent <agent_1> stayed within acceptable think time.
2026-09-27 11:23:51,884 [BombeRLeWorld] INFO: Agent <rule_based_agent_1> chose action DOWN in 0.00s.
2026-09-27 11:23:51,884 [BombeRLeWorld] INFO: Agent <rule_based_agent_1> stayed within acceptable think time.
2026-09-27 11:23:51,885 [BombeRLeWorld] INFO: Agent <rule_based_agent_2> chose action LEFT in 0.00s.
2026-09-27 11:23:51,885 [BombeRLeWorld] INFO: Agent <rule_based_agent_2> stayed within acceptable think time.
2026-09-27 11:23:51,981 [BombeRLeWorld] INFO: STARTING STEP 167
2026-09-27 11:23:51,994 [BombeRLeWorld] INFO: Agent <rule_based_agent_2> chose action UP in 0.00s.
2026-09-27 11:23:51,994 [BombeRLeWorld] INFO: Agent <rule_based_agent_2> stayed within acceptable think time.
2026-09-27 11:23:51,994 [BombeRLeWorld] INFO: Agent <agent_1> chose action LEFT in 0.00s.
2026-09-27 11:23:51,994 [BombeRLeWorld] INFO: Agent <agent_1> stayed within acceptable think time.
2026-09-27 11:23:51,994 [BombeRLeWorld] INFO: Agent <rule_based_agent_1> chose action DOWN in 0.00s.
2026-09-27 11:23:51,994 [BombeRLeWorld] INFO: Agent <rule_based_agent_1> stayed within acceptable think time.
2026-09-27 11:23:51,994 [BombeRLeWorld] INFO: Agent <rule_based_agent_1>'s bomb at (np.int64(15), np.int64(11)) explodes
2026-09-27 11:23:51,994 [BombeRLeWorld] INFO: Agent <rule_based_agent_2>'s bomb at (np.int64(15), np.int64(10)) explodes
2026-09-27 11:23:52,081 [BombeRLeWorld] INFO: STARTING STEP 168
2026-09-27 11:23:52,091 [BombeRLeWorld] INFO: Agent <rule_based_agent_1> chose action UP in 0.00s.
2026-09-27 11:23:52,091 [BombeRLeWorld] INFO: Agent <rule_based_agent_1> stayed within acceptable think time.
2026-09-27 11:23:52,091 [BombeRLeWorld] INFO: Agent <rule_based_agent_2> chose action DOWN in 0.00s.
2026-09-27 11:23:52,092 [BombeRLeWorld] INFO: Agent <rule_based_agent_2> stayed within acceptable think time.
2026-09-27 11:23:52,092 [BombeRLeWorld] INFO: Agent <agent_1> chose action UP in 0.00s.
2026-09-27 11:23:52,092 [BombeRLeWorld] INFO: Agent <agent_1> stayed within acceptable think time.
2026-09-27 11:23:52,182 [BombeRLeWorld] INFO: STARTING STEP 169
2026-09-27 11:23:52,196 [BombeRLeWorld] INFO: Agent <agent_1> chose action DOWN in 0.01s.
2026-09-27 11:23:52,196 [BombeRLeWorld] INFO: Agent <agent_1> stayed within acceptable think time.
2026-09-27 11:23:52,196 [BombeRLeWorld] INFO: Agent <rule_based_agent_1> chose action UP in 0.00s.
2026-09-27 11:23:52,196 [BombeRLeWorld] INFO: Agent <rule_based_agent_1> stayed within acceptable think time.
2026-09-27 11:23:52,196 [BombeRLeWorld] INFO: Agent <rule_based_agent_2> chose action UP in 0.00s.
2026-09-27 11:23:52,197 [BombeRLeWorld] INFO: Agent <rule_based_agent_2> stayed within acceptable think time.
2026-09-27 11:23:52,282 [BombeRLeWorld] INFO: STARTING STEP 170
2026-09-27 11:23:52,295 [BombeRLeWorld] INFO: Agent <rule_based_agent_1> chose action UP in 0.00s.
2026-09-27 11:23:52,295 [BombeRLeWorld] INFO: Agent <rule_based_agent_1> stayed within acceptable think time.
2026-09-27 11:23:52,296 [BombeRLeWorld] INFO: Agent <rule_based_agent_2> chose action BOMB in 0.00s.
2026-09-27 11:23:52,296 [BombeRLeWorld] INFO: Agent <rule_based_agent_2> stayed within acceptable think time.
2026-09-27 11:23:52,296 [BombeRLeWorld] INFO: Agent <rule_based_agent_2> drops bomb at (np.int64(13), np.int64(8))
2026-09-27 11:23:52,296 [BombeRLeWorld] INFO: Agent <agent_1> chose action UP in 0.00s.
2026-09-27 11:23:52,296 [BombeRLeWorld] INFO: Agent <agent_1> stayed within acceptable think time.
2026-09-27 11:23:52,382 [BombeRLeWorld] INFO: STARTING STEP 171
2026-09-27 11:23:52,396 [BombeRLeWorld] INFO: Agent <agent_1> chose action UP in 0.00s.
2026-09-27 11:23:52,396 [BombeRLeWorld] INFO: Agent <agent_1> stayed within acceptable think time.
2026-09-27 11:23:52,396 [BombeRLeWorld] INFO: Agent <rule_based_agent_1> chose action DOWN in 0.00s.
2026-09-27 11:23:52,396 [BombeRLeWorld] INFO: Agent <rule_based_agent_1> stayed within acceptable think time.
2026-09-27 11:23:52,396 [BombeRLeWorld] INFO: Agent <rule_based_agent_2> chose action UP in 0.00s.
2026-09-27 11:23:52,396 [BombeRLeWorld] INFO: Agent <rule_based_agent_2> stayed within acceptable think time.
2026-09-27 11:23:52,483 [BombeRLeWorld] INFO: STARTING STEP 172
2026-09-27 11:23:52,498 [BombeRLeWorld] INFO: Agent <agent_1> chose action UP in 0.01s.
2026-09-27 11:23:52,498 [BombeRLeWorld] INFO: Agent <agent_1> stayed within acceptable think time.
2026-09-27 11:23:52,498 [BombeRLeWorld] INFO: Agent <rule_based_agent_2> chose action RIGHT in 0.00s.
2026-09-27 11:23:52,498 [BombeRLeWorld] INFO: Agent <rule_based_agent_2> stayed within acceptable think time.
2026-09-27 11:23:52,498 [BombeRLeWorld] INFO: Agent <rule_based_agent_1> chose action RIGHT in 0.00s.
2026-09-27 11:23:52,498 [BombeRLeWorld] INFO: Agent <rule_based_agent_1> stayed within acceptable think time.
2026-09-27 11:23:52,582 [BombeRLeWorld] INFO: STARTING STEP 173
2026-09-27 11:23:52,592 [BombeRLeWorld] INFO: Agent <rule_based_agent_1> chose action LEFT in 0.00s.
2026-09-27 11:23:52,592 [BombeRLeWorld] INFO: Agent <rule_based_agent_1> stayed within acceptable think time.
2026-09-27 11:23:52,592 [BombeRLeWorld] INFO: Agent <agent_1> chose action DOWN in 0.00s.
2026-09-27 11:23:52,592 [BombeRLeWorld] INFO: Agent <agent_1> stayed within acceptable think time.
2026-09-27 11:23:52,592 [BombeRLeWorld] INFO: Agent <rule_based_agent_2> chose action LEFT in 0.00s.
2026-09-27 11:23:52,592 [BombeRLeWorld] INFO: Agent <rule_based_agent_2> stayed within acceptable think time.
2026-09-27 11:23:52,683 [BombeRLeWorld] INFO: STARTING STEP 174
2026-09-27 11:23:52,693 [BombeRLeWorld] INFO: Agent <agent_1> chose action UP in 0.00s.
2026-09-27 11:23:52,693 [BombeRLeWorld] INFO: Agent <agent_1> stayed within acceptable think time.
2026-09-27 11:23:52,693 [BombeRLeWorld] INFO: Agent <rule_based_agent_2> chose action RIGHT in 0.00s.
2026-09-27 11:23:52,693 [BombeRLeWorld] INFO: Agent <rule_based_agent_2> stayed within acceptable think time.
2026-09-27 11:23:52,693 [BombeRLeWorld] INFO: Agent <rule_based_agent_1> chose action RIGHT in 0.00s.
2026-09-27 11:23:52,694 [BombeRLeWorld] INFO: Agent <rule_based_agent_1> stayed within acceptable think time.
2026-09-27 11:23:52,694 [BombeRLeWorld] INFO: Agent <rule_based_agent_2>'s bomb at (np.int64(13), np.int64(8)) explodes
2026-09-27 11:23:52,784 [BombeRLeWorld] INFO: STARTING STEP 175
2026-09-27 11:23:52,795 [BombeRLeWorld] INFO: Agent <rule_based_agent_1> chose action RIGHT in 0.01s.
2026-09-27 11:23:52,795 [BombeRLeWorld] INFO: Agent <rule_based_agent_1> stayed within acceptable think time.
2026-09-27 11:23:52,795 [BombeRLeWorld] INFO: Agent <rule_based_agent_2> chose action RIGHT in 0.00s.
2026-09-27 11:23:52,795 [BombeRLeWorld] INFO: Agent <rule_based_agent_2> stayed within acceptable think time.
2026-09-27 11:23:52,795 [BombeRLeWorld] INFO: Agent <agent_1> chose action UP in 0.00s.
2026-09-27 11:23:52,795 [BombeRLeWorld] INFO: Agent <agent_1> stayed within acceptable think time.
2026-09-27 11:23:52,884 [BombeRLeWorld] INFO: STARTING STEP 176
2026-09-27 11:23:52,896 [BombeRLeWorld] INFO: Agent <agent_1> chose action RIGHT in 0.01s.
2026-09-27 11:23:52,896 [BombeRLeWorld] INFO: Agent <agent_1> stayed within acceptable think time.
2026-09-27 11:23:52,896 [BombeRLeWorld] INFO: Agent <rule_based_agent_1> chose action UP in 0.00s.
2026-09-27 11:23:52,896 [BombeRLeWorld] INFO: Agent <rule_based_agent_1> stayed within acceptable think time.
2026-09-27 11:23:52,896 [BombeRLeWorld] INFO: Agent <rule_based_agent_2> chose action DOWN in 0.00s.
2026-09-27 11:23:52,896 [BombeRLeWorld] INFO: Agent <rule_based_agent_2> stayed within acceptable think time.
2026-09-27 11:23:52,985 [BombeRLeWorld] INFO: STARTING STEP 177
2026-09-27 11:23:52,996 [BombeRLeWorld] INFO: Agent <rule_based_agent_1> chose action UP in 0.00s.
2026-09-27 11:23:52,996 [BombeRLeWorld] INFO: Agent <rule_based_agent_1> stayed within acceptable think time.
2026-09-27 11:23:52,996 [BombeRLeWorld] INFO: Agent <agent_1> chose action RIGHT in 0.00s.
2026-09-27 11:23:52,996 [BombeRLeWorld] INFO: Agent <agent_1> stayed within acceptable think time.
2026-09-27 11:23:52,996 [BombeRLeWorld] INFO: Agent <rule_based_agent_2> chose action DOWN in 0.00s.
2026-09-27 11:23:52,996 [BombeRLeWorld] INFO: Agent <rule_based_agent_2> stayed within acceptable think time.
2026-09-27 11:23:53,085 [BombeRLeWorld] INFO: STARTING STEP 178
2026-09-27 11:23:53,096 [BombeRLeWorld] INFO: Agent <agent_1> chose action DOWN in 0.00s.
2026-09-27 11:23:53,096 [BombeRLeWorld] INFO: Agent <agent_1> stayed within acceptable think time.
2026-09-27 11:23:53,096 [BombeRLeWorld] INFO: Agent <rule_based_agent_1> chose action BOMB in 0.00s.
2026-09-27 11:23:53,096 [BombeRLeWorld] INFO: Agent <rule_based_agent_1> stayed within acceptable think time.
2026-09-27 11:23:53,097 [BombeRLeWorld] INFO: Agent <rule_based_agent_1> drops bomb at (np.int64(15), np.int64(9))
2026-09-27 11:23:53,097 [BombeRLeWorld] INFO: Agent <rule_based_agent_2> chose action BOMB in 0.00s.
2026-09-27 11:23:53,097 [BombeRLeWorld] INFO: Agent <rule_based_agent_2> stayed within acceptable think time.
2026-09-27 11:23:53,097 [BombeRLeWorld] INFO: Agent <rule_based_agent_2> drops bomb at (np.int64(15), np.int64(8))
2026-09-27 11:23:53,185 [BombeRLeWorld] INFO: STARTING STEP 179
2026-09-27 11:23:53,191 [BombeRLeWorld] INFO: Agent <rule_based_agent_2> chose action UP in 0.00s.
2026-09-27 11:23:53,191 [BombeRLeWorld] INFO: Agent <rule_based_agent_2> stayed within acceptable think time.
2026-09-27 11:23:53,191 [BombeRLeWorld] INFO: Agent <rule_based_agent_1> chose action LEFT in 0.00s.
2026-09-27 11:23:53,191 [BombeRLeWorld] INFO: Agent <rule_based_agent_1> stayed within acceptable think time.
2026-09-27 11:23:53,191 [BombeRLeWorld] INFO: Agent <agent_1> chose action DOWN in 0.00s.
2026-09-27 11:23:53,191 [BombeRLeWorld] INFO: Agent <agent_1> stayed within acceptable think time.
2026-09-27 11:23:53,285 [BombeRLeWorld] INFO: STARTING STEP 180
2026-09-27 11:23:53,291 [BombeRLeWorld] INFO: Agent <rule_based_agent_2> chose action LEFT in 0.00s.
2026-09-27 11:23:53,291 [BombeRLeWorld] INFO: Agent <rule_based_agent_2> stayed within acceptable think time.
2026-09-27 11:23:53,291 [BombeRLeWorld] INFO: Agent <rule_based_agent_1> chose action LEFT in 0.00s.
2026-09-27 11:23:53,291 [BombeRLeWorld] INFO: Agent <rule_based_agent_1> stayed within acceptable think time.
2026-09-27 11:23:53,291 [BombeRLeWorld] INFO: Agent <agent_1> chose action LEFT in 0.00s.
2026-09-27 11:23:53,291 [BombeRLeWorld] INFO: Agent <agent_1> stayed within acceptable think time.
2026-09-27 11:23:53,386 [BombeRLeWorld] INFO: STARTING STEP 181
2026-09-27 11:23:53,394 [BombeRLeWorld] INFO: Agent <rule_based_agent_2> chose action LEFT in 0.00s.
2026-09-27 11:23:53,394 [BombeRLeWorld] INFO: Agent <rule_based_agent_2> stayed within acceptable think time.
2026-09-27 11:23:53,394 [BombeRLeWorld] INFO: Agent <rule_based_agent_1> chose action DOWN in 0.00s.
2026-09-27 11:23:53,394 [BombeRLeWorld] INFO: Agent <rule_based_agent_1> stayed within acceptable think time.
2026-09-27 11:23:53,394 [BombeRLeWorld] INFO: Agent <agent_1> chose action LEFT in 0.00s.
2026-09-27 11:23:53,394 [BombeRLeWorld] INFO: Agent <agent_1> stayed within acceptable think time.
2026-09-27 11:23:53,487 [BombeRLeWorld] INFO: STARTING STEP 182
2026-09-27 11:23:53,496 [BombeRLeWorld] INFO: Agent <rule_based_agent_2> chose action UP in 0.00s.
2026-09-27 11:23:53,496 [BombeRLeWorld] INFO: Agent <rule_based_agent_2> stayed within acceptable think time.
2026-09-27 11:23:53,496 [BombeRLeWorld] INFO: Agent <agent_1> chose action DOWN in 0.01s.
2026-09-27 11:23:53,496 [BombeRLeWorld] INFO: Agent <agent_1> stayed within acceptable think time.
2026-09-27 11:23:53,496 [BombeRLeWorld] INFO: Agent <rule_based_agent_1> chose action DOWN in 0.00s.
2026-09-27 11:23:53,496 [BombeRLeWorld] INFO: Agent <rule_based_agent_1> stayed within acceptable think time.
2026-09-27 11:23:53,496 [BombeRLeWorld] INFO: Agent <rule_based_agent_1>'s bomb at (np.int64(15), np.int64(9)) explodes
2026-09-27 11:23:53,496 [BombeRLeWorld] INFO: Agent <rule_based_agent_2>'s bomb at (np.int64(15), np.int64(8)) explodes
2026-09-27 11:23:53,588 [BombeRLeWorld] INFO: STARTING STEP 183
2026-09-27 11:23:53,600 [BombeRLeWorld] INFO: Agent <rule_based_agent_2> chose action DOWN in 0.00s.
2026-09-27 11:23:53,600 [BombeRLeWorld] INFO: Agent <rule_based_agent_2> stayed within acceptable think time.
2026-09-27 11:23:53,600 [BombeRLeWorld] INFO: Agent <agent_1> chose action UP in 0.01s.
2026-09-27 11:23:53,600 [BombeRLeWorld] INFO: Agent <agent_1> stayed within acceptable think time.
2026-09-27 11:23:53,600 [BombeRLeWorld] INFO: Agent <rule_based_agent_1> chose action UP in 0.00s.
2026-09-27 11:23:53,600 [BombeRLeWorld] INFO: Agent <rule_based_agent_1> stayed within acceptable think time.
2026-09-27 11:23:53,688 [BombeRLeWorld] INFO: STARTING STEP 184
2026-09-27 11:23:53,702 [BombeRLeWorld] INFO: Agent <rule_based_agent_2> chose action UP in 0.00s.
2026-09-27 11:23:53,702 [BombeRLeWorld] INFO: Agent <rule_based_agent_2> stayed within acceptable think time.
2026-09-27 11:23:53,702 [BombeRLeWorld] INFO: Agent <rule_based_agent_1> chose action UP in 0.00s.
2026-09-27 11:23:53,702 [BombeRLeWorld] INFO: Agent <rule_based_agent_1> stayed within acceptable think time.
2026-09-27 11:23:53,702 [BombeRLeWorld] INFO: Agent <agent_1> chose action DOWN in 0.01s.
2026-09-27 11:23:53,702 [BombeRLeWorld] INFO: Agent <agent_1> stayed within acceptable think time.
2026-09-27 11:23:53,790 [BombeRLeWorld] INFO: STARTING STEP 185
2026-09-27 11:23:53,803 [BombeRLeWorld] INFO: Agent <rule_based_agent_2> chose action BOMB in 0.00s.
2026-09-27 11:23:53,803 [BombeRLeWorld] INFO: Agent <rule_based_agent_2> stayed within acceptable think time.
2026-09-27 11:23:53,804 [BombeRLeWorld] INFO: Agent <rule_based_agent_2> drops bomb at (np.int64(13), np.int64(6))
2026-09-27 11:23:53,804 [BombeRLeWorld] INFO: Agent <agent_1> chose action UP in 0.00s.
2026-09-27 11:23:53,804 [BombeRLeWorld] INFO: Agent <agent_1> stayed within acceptable think time.
2026-09-27 11:23:53,804 [BombeRLeWorld] INFO: Agent <rule_based_agent_1> chose action UP in 0.00s.
2026-09-27 11:23:53,804 [BombeRLeWorld] INFO: Agent <rule_based_agent_1> stayed within acceptable think time.
2026-09-27 11:23:53,888 [BombeRLeWorld] INFO: STARTING STEP 186
2026-09-27 11:23:53,899 [BombeRLeWorld] INFO: Agent <rule_based_agent_2> chose action UP in 0.00s.
2026-09-27 11:23:53,899 [BombeRLeWorld] INFO: Agent <rule_based_agent_2> stayed within acceptable think time.
2026-09-27 11:23:53,899 [BombeRLeWorld] INFO: Agent <agent_1> chose action UP in 0.00s.
2026-09-27 11:23:53,899 [BombeRLeWorld] INFO: Agent <agent_1> stayed within acceptable think time.
2026-09-27 11:23:53,899 [BombeRLeWorld] INFO: Agent <rule_based_agent_1> chose action DOWN in 0.00s.
2026-09-27 11:23:53,899 [BombeRLeWorld] INFO: Agent <rule_based_agent_1> stayed within acceptable think time.
2026-09-27 11:23:53,989 [BombeRLeWorld] INFO: STARTING STEP 187
2026-09-27 11:23:53,999 [BombeRLeWorld] INFO: Agent <agent_1> chose action BOMB in 0.00s.
2026-09-27 11:23:53,999 [BombeRLeWorld] INFO: Agent <agent_1> stayed within acceptable think time.
2026-09-27 11:23:53,999 [BombeRLeWorld] INFO: Agent <agent_1> drops bomb at (np.int64(13), np.int64(3))
2026-09-27 11:23:53,999 [BombeRLeWorld] INFO: Agent <rule_based_agent_1> chose action RIGHT in 0.00s.
2026-09-27 11:23:53,999 [BombeRLeWorld] INFO: Agent <rule_based_agent_1> stayed within acceptable think time.
2026-09-27 11:23:53,999 [BombeRLeWorld] INFO: Agent <rule_based_agent_2> chose action RIGHT in 0.00s.
2026-09-27 11:23:53,999 [BombeRLeWorld] INFO: Agent <rule_based_agent_2> stayed within acceptable think time.
2026-09-27 11:23:54,090 [BombeRLeWorld] INFO: STARTING STEP 188
2026-09-27 11:23:54,100 [BombeRLeWorld] INFO: Agent <rule_based_agent_1> chose action RIGHT in 0.00s.
2026-09-27 11:23:54,100 [BombeRLeWorld] INFO: Agent <rule_based_agent_1> stayed within acceptable think time.
2026-09-27 11:23:54,100 [BombeRLeWorld] INFO: Agent <agent_1> chose action RIGHT in 0.00s.
2026-09-27 11:23:54,100 [BombeRLeWorld] INFO: Agent <agent_1> stayed within acceptable think time.
2026-09-27 11:23:54,100 [BombeRLeWorld] INFO: Agent <rule_based_agent_2> chose action LEFT in 0.00s.
2026-09-27 11:23:54,100 [BombeRLeWorld] INFO: Agent <rule_based_agent_2> stayed within acceptable think time.
2026-09-27 11:23:54,191 [BombeRLeWorld] INFO: STARTING STEP 189
2026-09-27 11:23:54,198 [BombeRLeWorld] INFO: Agent <rule_based_agent_2> chose action RIGHT in 0.00s.
2026-09-27 11:23:54,198 [BombeRLeWorld] INFO: Agent <rule_based_agent_2> stayed within acceptable think time.
2026-09-27 11:23:54,198 [BombeRLeWorld] INFO: Agent <rule_based_agent_1> chose action UP in 0.00s.
2026-09-27 11:23:54,198 [BombeRLeWorld] INFO: Agent <rule_based_agent_1> stayed within acceptable think time.
2026-09-27 11:23:54,198 [BombeRLeWorld] INFO: Agent <agent_1> chose action RIGHT in 0.00s.
2026-09-27 11:23:54,198 [BombeRLeWorld] INFO: Agent <agent_1> stayed within acceptable think time.
2026-09-27 11:23:54,198 [BombeRLeWorld] INFO: Agent <rule_based_agent_2>'s bomb at (np.int64(13), np.int64(6)) explodes
2026-09-27 11:23:54,291 [BombeRLeWorld] INFO: STARTING STEP 190
2026-09-27 11:23:54,297 [BombeRLeWorld] INFO: Agent <rule_based_agent_1> chose action UP in 0.00s.
2026-09-27 11:23:54,297 [BombeRLeWorld] INFO: Agent <rule_based_agent_1> stayed within acceptable think time.
2026-09-27 11:23:54,297 [BombeRLeWorld] INFO: Agent <rule_based_agent_2> chose action RIGHT in 0.00s.
2026-09-27 11:23:54,297 [BombeRLeWorld] INFO: Agent <rule_based_agent_2> stayed within acceptable think time.
2026-09-27 11:23:54,297 [BombeRLeWorld] INFO: Agent <agent_1> chose action DOWN in 0.00s.
2026-09-27 11:23:54,297 [BombeRLeWorld] INFO: Agent <agent_1> stayed within acceptable think time.
2026-09-27 11:23:54,391 [BombeRLeWorld] INFO: STARTING STEP 191
2026-09-27 11:23:54,397 [BombeRLeWorld] INFO: Agent <rule_based_agent_2> chose action LEFT in 0.00s.
2026-09-27 11:23:54,397 [BombeRLeWorld] INFO: Agent <rule_based_agent_2> stayed within acceptable think time.
2026-09-27 11:23:54,397 [BombeRLeWorld] INFO: Agent <agent_1> chose action WAIT in 0.00s.
2026-09-27 11:23:54,397 [BombeRLeWorld] INFO: Agent <agent_1> stayed within acceptable think time.
2026-09-27 11:23:54,397 [BombeRLeWorld] INFO: Agent <rule_based_agent_1> chose action UP in 0.00s.
2026-09-27 11:23:54,397 [BombeRLeWorld] INFO: Agent <rule_based_agent_1> stayed within acceptable think time.
2026-09-27 11:23:54,397 [BombeRLeWorld] INFO: Agent <agent_1>'s bomb at (np.int64(13), np.int64(3)) explodes
2026-09-27 11:23:54,492 [BombeRLeWorld] INFO: STARTING STEP 192
2026-09-27 11:23:54,497 [BombeRLeWorld] INFO: Agent <rule_based_agent_2> chose action RIGHT in 0.00s.
2026-09-27 11:23:54,497 [BombeRLeWorld] INFO: Agent <rule_based_agent_2> stayed within acceptable think time.
2026-09-27 11:23:54,497 [BombeRLeWorld] INFO: Agent <agent_1> chose action DOWN in 0.00s.
2026-09-27 11:23:54,497 [BombeRLeWorld] INFO: Agent <agent_1> stayed within acceptable think time.
2026-09-27 11:23:54,497 [BombeRLeWorld] INFO: Agent <rule_based_agent_1> chose action UP in 0.00s.
2026-09-27 11:23:54,497 [BombeRLeWorld] INFO: Agent <rule_based_agent_1> stayed within acceptable think time.
2026-09-27 11:23:54,592 [BombeRLeWorld] INFO: STARTING STEP 193
2026-09-27 11:23:54,597 [BombeRLeWorld] INFO: Agent <agent_1> chose action UP in 0.00s.
2026-09-27 11:23:54,597 [BombeRLeWorld] INFO: Agent <agent_1> stayed within acceptable think time.
2026-09-27 11:23:54,597 [BombeRLeWorld] INFO: Agent <rule_based_agent_1> chose action BOMB in 0.00s.
2026-09-27 11:23:54,597 [BombeRLeWorld] INFO: Agent <rule_based_agent_1> stayed within acceptable think time.
2026-09-27 11:23:54,597 [BombeRLeWorld] INFO: Agent <rule_based_agent_1> drops bomb at (np.int64(15), np.int64(6))
2026-09-27 11:23:54,597 [BombeRLeWorld] INFO: Agent <rule_based_agent_2> chose action BOMB in 0.00s.
2026-09-27 11:23:54,598 [BombeRLeWorld] INFO: Agent <rule_based_agent_2> stayed within acceptable think time.
2026-09-27 11:23:54,598 [BombeRLeWorld] INFO: Agent <rule_based_agent_2> drops bomb at (np.int64(15), np.int64(5))
2026-09-27 11:23:54,692 [BombeRLeWorld] INFO: STARTING STEP 194
2026-09-27 11:23:54,697 [BombeRLeWorld] INFO: Agent <rule_based_agent_2> chose action UP in 0.00s.
2026-09-27 11:23:54,697 [BombeRLeWorld] INFO: Agent <rule_based_agent_2> stayed within acceptable think time.
2026-09-27 11:23:54,697 [BombeRLeWorld] INFO: Agent <agent_1> chose action UP in 0.00s.
2026-09-27 11:23:54,697 [BombeRLeWorld] INFO: Agent <agent_1> stayed within acceptable think time.
2026-09-27 11:23:54,697 [BombeRLeWorld] INFO: Agent <rule_based_agent_1> chose action DOWN in 0.00s.
2026-09-27 11:23:54,697 [BombeRLeWorld] INFO: Agent <rule_based_agent_1> stayed within acceptable think time.
2026-09-27 11:23:54,793 [BombeRLeWorld] INFO: STARTING STEP 195
2026-09-27 11:23:54,799 [BombeRLeWorld] INFO: Agent <rule_based_agent_1> chose action LEFT in 0.00s.
2026-09-27 11:23:54,799 [BombeRLeWorld] INFO: Agent <rule_based_agent_1> stayed within acceptable think time.
2026-09-27 11:23:54,799 [BombeRLeWorld] INFO: Agent <rule_based_agent_2> chose action UP in 0.00s.
2026-09-27 11:23:54,799 [BombeRLeWorld] INFO: Agent <rule_based_agent_2> stayed within acceptable think time.
2026-09-27 11:23:54,799 [BombeRLeWorld] INFO: Agent <agent_1> chose action UP in 0.00s.
2026-09-27 11:23:54,799 [BombeRLeWorld] INFO: Agent <agent_1> stayed within acceptable think time.
2026-09-27 11:23:54,894 [BombeRLeWorld] INFO: STARTING STEP 196
2026-09-27 11:23:54,900 [BombeRLeWorld] INFO: Agent <rule_based_agent_1> chose action RIGHT in 0.00s.
2026-09-27 11:23:54,900 [BombeRLeWorld] INFO: Agent <rule_based_agent_1> stayed within acceptable think time.
2026-09-27 11:23:54,900 [BombeRLeWorld] INFO: Agent <agent_1> chose action LEFT in 0.00s.
2026-09-27 11:23:54,900 [BombeRLeWorld] INFO: Agent <agent_1> stayed within acceptable think time.
2026-09-27 11:23:54,900 [BombeRLeWorld] INFO: Agent <rule_based_agent_2> chose action LEFT in 0.00s.
2026-09-27 11:23:54,900 [BombeRLeWorld] INFO: Agent <rule_based_agent_2> stayed within acceptable think time.
2026-09-27 11:23:54,994 [BombeRLeWorld] INFO: STARTING STEP 197
2026-09-27 11:23:55,000 [BombeRLeWorld] INFO: Agent <rule_based_agent_2> chose action LEFT in 0.00s.
2026-09-27 11:23:55,000 [BombeRLeWorld] INFO: Agent <rule_based_agent_2> stayed within acceptable think time.
2026-09-27 11:23:55,000 [BombeRLeWorld] INFO: Agent <rule_based_agent_1> chose action LEFT in 0.00s.
2026-09-27 11:23:55,000 [BombeRLeWorld] INFO: Agent <rule_based_agent_1> stayed within acceptable think time.
2026-09-27 11:23:55,000 [BombeRLeWorld] INFO: Agent <agent_1> chose action RIGHT in 0.00s.
2026-09-27 11:23:55,001 [BombeRLeWorld] INFO: Agent <agent_1> stayed within acceptable think time.
2026-09-27 11:23:55,001 [BombeRLeWorld] INFO: Agent <rule_based_agent_1>'s bomb at (np.int64(15), np.int64(6)) explodes
2026-09-27 11:23:55,001 [BombeRLeWorld] INFO: Agent <rule_based_agent_2>'s bomb at (np.int64(15), np.int64(5)) explodes
2026-09-27 11:23:55,095 [BombeRLeWorld] INFO: STARTING STEP 198
2026-09-27 11:23:55,102 [BombeRLeWorld] INFO: Agent <agent_1> chose action LEFT in 0.00s.
2026-09-27 11:23:55,102 [BombeRLeWorld] INFO: Agent <agent_1> stayed within acceptable think time.
2026-09-27 11:23:55,102 [BombeRLeWorld] INFO: Agent <rule_based_agent_2> chose action UP in 0.00s.
2026-09-27 11:23:55,102 [BombeRLeWorld] INFO: Agent <rule_based_agent_2> stayed within acceptable think time.
2026-09-27 11:23:55,102 [BombeRLeWorld] INFO: Agent <rule_based_agent_1> chose action LEFT in 0.00s.
2026-09-27 11:23:55,102 [BombeRLeWorld] INFO: Agent <rule_based_agent_1> stayed within acceptable think time.
2026-09-27 11:23:55,194 [BombeRLeWorld] INFO: STARTING STEP 199
2026-09-27 11:23:55,199 [BombeRLeWorld] INFO: Agent <rule_based_agent_2> chose action UP in 0.00s.
2026-09-27 11:23:55,199 [BombeRLeWorld] INFO: Agent <rule_based_agent_2> stayed within acceptable think time.
2026-09-27 11:23:55,199 [BombeRLeWorld] INFO: Agent <agent_1> chose action LEFT in 0.00s.
2026-09-27 11:23:55,199 [BombeRLeWorld] INFO: Agent <agent_1> stayed within acceptable think time.
2026-09-27 11:23:55,199 [BombeRLeWorld] INFO: Agent <rule_based_agent_1> chose action UP in 0.00s.
2026-09-27 11:23:55,199 [BombeRLeWorld] INFO: Agent <rule_based_agent_1> stayed within acceptable think time.
2026-09-27 11:23:55,296 [BombeRLeWorld] INFO: STARTING STEP 200
2026-09-27 11:23:55,302 [BombeRLeWorld] INFO: Agent <agent_1> chose action RIGHT in 0.00s.
2026-09-27 11:23:55,302 [BombeRLeWorld] INFO: Agent <agent_1> stayed within acceptable think time.
2026-09-27 11:23:55,302 [BombeRLeWorld] INFO: Agent <rule_based_agent_2> chose action BOMB in 0.00s.
2026-09-27 11:23:55,302 [BombeRLeWorld] INFO: Agent <rule_based_agent_2> stayed within acceptable think time.
2026-09-27 11:23:55,303 [BombeRLeWorld] INFO: Agent <rule_based_agent_2> drops bomb at (np.int64(13), np.int64(1))
2026-09-27 11:23:55,303 [BombeRLeWorld] INFO: Agent <rule_based_agent_1> chose action UP in 0.00s.
2026-09-27 11:23:55,303 [BombeRLeWorld] INFO: Agent <rule_based_agent_1> stayed within acceptable think time.
2026-09-27 11:23:55,395 [BombeRLeWorld] INFO: STARTING STEP 201
2026-09-27 11:23:55,400 [BombeRLeWorld] INFO: Agent <rule_based_agent_2> chose action LEFT in 0.00s.
2026-09-27 11:23:55,400 [BombeRLeWorld] INFO: Agent <rule_based_agent_2> stayed within acceptable think time.
2026-09-27 11:23:55,400 [BombeRLeWorld] INFO: Agent <agent_1> chose action DOWN in 0.00s.
2026-09-27 11:23:55,400 [BombeRLeWorld] INFO: Agent <agent_1> stayed within acceptable think time.
2026-09-27 11:23:55,400 [BombeRLeWorld] INFO: Agent <rule_based_agent_1> chose action RIGHT in 0.00s.
2026-09-27 11:23:55,400 [BombeRLeWorld] INFO: Agent <rule_based_agent_1> stayed within acceptable think time.
2026-09-27 11:23:55,496 [BombeRLeWorld] INFO: STARTING STEP 202
2026-09-27 11:23:55,502 [BombeRLeWorld] INFO: Agent <rule_based_agent_1> chose action RIGHT in 0.00s.
2026-09-27 11:23:55,502 [BombeRLeWorld] INFO: Agent <rule_based_agent_1> stayed within acceptable think time.
2026-09-27 11:23:55,502 [BombeRLeWorld] INFO: Agent <rule_based_agent_2> chose action LEFT in 0.00s.
2026-09-27 11:23:55,503 [BombeRLeWorld] INFO: Agent <rule_based_agent_2> stayed within acceptable think time.
2026-09-27 11:23:55,503 [BombeRLeWorld] INFO: Agent <agent_1> chose action DOWN in 0.00s.
2026-09-27 11:23:55,503 [BombeRLeWorld] INFO: Agent <agent_1> stayed within acceptable think time.
2026-09-27 11:23:55,596 [BombeRLeWorld] INFO: STARTING STEP 203
2026-09-27 11:23:55,603 [BombeRLeWorld] INFO: Agent <rule_based_agent_1> chose action UP in 0.00s.
2026-09-27 11:23:55,603 [BombeRLeWorld] INFO: Agent <rule_based_agent_1> stayed within acceptable think time.
2026-09-27 11:23:55,603 [BombeRLeWorld] INFO: Agent <rule_based_agent_2> chose action DOWN in 0.00s.
2026-09-27 11:23:55,603 [BombeRLeWorld] INFO: Agent <rule_based_agent_2> stayed within acceptable think time.
2026-09-27 11:23:55,603 [BombeRLeWorld] INFO: Agent <agent_1> chose action DOWN in 0.00s.
2026-09-27 11:23:55,603 [BombeRLeWorld] INFO: Agent <agent_1> stayed within acceptable think time.
2026-09-27 11:23:55,696 [BombeRLeWorld] INFO: STARTING STEP 204
2026-09-27 11:23:55,700 [BombeRLeWorld] INFO: Agent <rule_based_agent_1> chose action BOMB in 0.00s.
2026-09-27 11:23:55,700 [BombeRLeWorld] INFO: Agent <rule_based_agent_1> stayed within acceptable think time.
2026-09-27 11:23:55,700 [BombeRLeWorld] INFO: Agent <rule_based_agent_1> drops bomb at (np.int64(15), np.int64(4))
2026-09-27 11:23:55,700 [BombeRLeWorld] INFO: Agent <agent_1> chose action UP in 0.00s.
2026-09-27 11:23:55,701 [BombeRLeWorld] INFO: Agent <agent_1> stayed within acceptable think time.
2026-09-27 11:23:55,701 [BombeRLeWorld] INFO: Agent <rule_based_agent_2> chose action DOWN in 0.00s.
2026-09-27 11:23:55,701 [BombeRLeWorld] INFO: Agent <rule_based_agent_2> stayed within acceptable think time.
2026-09-27 11:23:55,701 [BombeRLeWorld] INFO: Agent <rule_based_agent_2>'s bomb at (np.int64(13), np.int64(1)) explodes
2026-09-27 11:23:55,797 [BombeRLeWorld] INFO: STARTING STEP 205
2026-09-27 11:23:55,804 [BombeRLeWorld] INFO: Agent <agent_1> chose action WAIT in 0.00s.
2026-09-27 11:23:55,804 [BombeRLeWorld] INFO: Agent <agent_1> stayed within acceptable think time.
2026-09-27 11:23:55,804 [BombeRLeWorld] INFO: Agent <rule_based_agent_1> chose action DOWN in 0.00s.
2026-09-27 11:23:55,804 [BombeRLeWorld] INFO: Agent <rule_based_agent_1> stayed within acceptable think time.
2026-09-27 11:23:55,804 [BombeRLeWorld] INFO: Agent <rule_based_agent_2> chose action RIGHT in 0.00s.
2026-09-27 11:23:55,804 [BombeRLeWorld] INFO: Agent <rule_based_agent_2> stayed within acceptable think time.
2026-09-27 11:23:55,897 [BombeRLeWorld] INFO: STARTING STEP 206
2026-09-27 11:23:55,903 [BombeRLeWorld] INFO: Agent <rule_based_agent_2> chose action RIGHT in 0.00s.
2026-09-27 11:23:55,903 [BombeRLeWorld] INFO: Agent <rule_based_agent_2> stayed within acceptable think time.
2026-09-27 11:23:55,903 [BombeRLeWorld] INFO: Agent <agent_1> chose action UP in 0.00s.
2026-09-27 11:23:55,903 [BombeRLeWorld] INFO: Agent <agent_1> stayed within acceptable think time.
2026-09-27 11:23:55,903 [BombeRLeWorld] INFO: Agent <rule_based_agent_1> chose action LEFT in 0.00s.
2026-09-27 11:23:55,903 [BombeRLeWorld] INFO: Agent <rule_based_agent_1> stayed within acceptable think time.
2026-09-27 11:23:55,998 [BombeRLeWorld] INFO: STARTING STEP 207
2026-09-27 11:23:56,003 [BombeRLeWorld] INFO: Agent <rule_based_agent_2> chose action DOWN in 0.00s.
2026-09-27 11:23:56,003 [BombeRLeWorld] INFO: Agent <rule_based_agent_2> stayed within acceptable think time.
2026-09-27 11:23:56,003 [BombeRLeWorld] INFO: Agent <agent_1> chose action LEFT in 0.00s.
2026-09-27 11:23:56,003 [BombeRLeWorld] INFO: Agent <agent_1> stayed within acceptable think time.
2026-09-27 11:23:56,003 [BombeRLeWorld] INFO: Agent <rule_based_agent_1> chose action LEFT in 0.00s.
2026-09-27 11:23:56,003 [BombeRLeWorld] INFO: Agent <rule_based_agent_1> stayed within acceptable think time.
2026-09-27 11:23:56,097 [BombeRLeWorld] INFO: STARTING STEP 208
2026-09-27 11:23:56,101 [BombeRLeWorld] INFO: Agent <rule_based_agent_1> chose action LEFT in 0.00s.
2026-09-27 11:23:56,101 [BombeRLeWorld] INFO: Agent <rule_based_agent_1> stayed within acceptable think time.
2026-09-27 11:23:56,101 [BombeRLeWorld] INFO: Agent <agent_1> chose action LEFT in 0.00s.
2026-09-27 11:23:56,101 [BombeRLeWorld] INFO: Agent <agent_1> stayed within acceptable think time.
2026-09-27 11:23:56,101 [BombeRLeWorld] INFO: Agent <rule_based_agent_2> chose action UP in 0.00s.
2026-09-27 11:23:56,101 [BombeRLeWorld] INFO: Agent <rule_based_agent_2> stayed within acceptable think time.
2026-09-27 11:23:56,101 [BombeRLeWorld] INFO: Agent <rule_based_agent_1>'s bomb at (np.int64(15), np.int64(4)) explodes
2026-09-27 11:23:56,199 [BombeRLeWorld] INFO: STARTING STEP 209
2026-09-27 11:23:56,205 [BombeRLeWorld] INFO: Agent <rule_based_agent_1> chose action RIGHT in 0.00s.
2026-09-27 11:23:56,205 [BombeRLeWorld] INFO: Agent <rule_based_agent_1> stayed within acceptable think time.
2026-09-27 11:23:56,205 [BombeRLeWorld] INFO: Agent <agent_1> chose action DOWN in 0.00s.
2026-09-27 11:23:56,205 [BombeRLeWorld] INFO: Agent <agent_1> stayed within acceptable think time.
2026-09-27 11:23:56,205 [BombeRLeWorld] INFO: Agent <rule_based_agent_2> chose action UP in 0.00s.
2026-09-27 11:23:56,205 [BombeRLeWorld] INFO: Agent <rule_based_agent_2> stayed within acceptable think time.
2026-09-27 11:23:56,299 [BombeRLeWorld] INFO: STARTING STEP 210
2026-09-27 11:23:56,310 [BombeRLeWorld] INFO: Agent <agent_1> chose action UP in 0.00s.
2026-09-27 11:23:56,310 [BombeRLeWorld] INFO: Agent <agent_1> stayed within acceptable think time.
2026-09-27 11:23:56,310 [BombeRLeWorld] INFO: Agent <rule_based_agent_2> chose action BOMB in 0.01s.
2026-09-27 11:23:56,310 [BombeRLeWorld] INFO: Agent <rule_based_agent_2> stayed within acceptable think time.
2026-09-27 11:23:56,310 [BombeRLeWorld] INFO: Agent <rule_based_agent_2> drops bomb at (np.int64(13), np.int64(3))
2026-09-27 11:23:56,310 [BombeRLeWorld] INFO: Agent <rule_based_agent_1> chose action UP in 0.00s.
2026-09-27 11:23:56,310 [BombeRLeWorld] INFO: Agent <rule_based_agent_1> stayed within acceptable think time.
2026-09-27 11:23:56,399 [BombeRLeWorld] INFO: STARTING STEP 211
2026-09-27 11:23:56,410 [BombeRLeWorld] INFO: Agent <rule_based_agent_2> chose action LEFT in 0.00s.
2026-09-27 11:23:56,410 [BombeRLeWorld] INFO: Agent <rule_based_agent_2> stayed within acceptable think time.
2026-09-27 11:23:56,410 [BombeRLeWorld] INFO: Agent <agent_1> chose action LEFT in 0.00s.
2026-09-27 11:23:56,410 [BombeRLeWorld] INFO: Agent <agent_1> stayed within acceptable think time.
2026-09-27 11:23:56,410 [BombeRLeWorld] INFO: Agent <rule_based_agent_1> chose action DOWN in 0.00s.
2026-09-27 11:23:56,410 [BombeRLeWorld] INFO: Agent <rule_based_agent_1> stayed within acceptable think time.
2026-09-27 11:23:56,499 [BombeRLeWorld] INFO: STARTING STEP 212
2026-09-27 11:23:56,511 [BombeRLeWorld] INFO: Agent <rule_based_agent_2> chose action LEFT in 0.00s.
2026-09-27 11:23:56,511 [BombeRLeWorld] INFO: Agent <rule_based_agent_2> stayed within acceptable think time.
2026-09-27 11:23:56,511 [BombeRLeWorld] INFO: Agent <rule_based_agent_1> chose action RIGHT in 0.00s.
2026-09-27 11:23:56,511 [BombeRLeWorld] INFO: Agent <rule_based_agent_1> stayed within acceptable think time.
2026-09-27 11:23:56,511 [BombeRLeWorld] INFO: Agent <agent_1> chose action LEFT in 0.00s.
2026-09-27 11:23:56,511 [BombeRLeWorld] INFO: Agent <agent_1> stayed within acceptable think time.
2026-09-27 11:23:56,600 [BombeRLeWorld] INFO: STARTING STEP 213
2026-09-27 11:23:56,614 [BombeRLeWorld] INFO: Agent <rule_based_agent_2> chose action DOWN in 0.00s.
2026-09-27 11:23:56,614 [BombeRLeWorld] INFO: Agent <rule_based_agent_2> stayed within acceptable think time.
2026-09-27 11:23:56,614 [BombeRLeWorld] INFO: Agent <rule_based_agent_1> chose action LEFT in 0.00s.
2026-09-27 11:23:56,614 [BombeRLeWorld] INFO: Agent <rule_based_agent_1> stayed within acceptable think time.
2026-09-27 11:23:56,614 [BombeRLeWorld] INFO: Agent <agent_1> chose action DOWN in 0.00s.
2026-09-27 11:23:56,614 [BombeRLeWorld] INFO: Agent <agent_1> stayed within acceptable think time.
2026-09-27 11:23:56,700 [BombeRLeWorld] INFO: STARTING STEP 214
2026-09-27 11:23:56,713 [BombeRLeWorld] INFO: Agent <rule_based_agent_2> chose action DOWN in 0.00s.
2026-09-27 11:23:56,714 [BombeRLeWorld] INFO: Agent <rule_based_agent_2> stayed within acceptable think time.
2026-09-27 11:23:56,714 [BombeRLeWorld] INFO: Agent <rule_based_agent_1> chose action RIGHT in 0.01s.
2026-09-27 11:23:56,714 [BombeRLeWorld] INFO: Agent <rule_based_agent_1> stayed within acceptable think time.
2026-09-27 11:23:56,714 [BombeRLeWorld] INFO: Agent <agent_1> chose action UP in 0.00s.
2026-09-27 11:23:56,714 [BombeRLeWorld] INFO: Agent <agent_1> stayed within acceptable think time.
2026-09-27 11:23:56,714 [BombeRLeWorld] INFO: Agent <rule_based_agent_2>'s bomb at (np.int64(13), np.int64(3)) explodes
2026-09-27 11:23:56,800 [BombeRLeWorld] INFO: STARTING STEP 215
2026-09-27 11:23:56,811 [BombeRLeWorld] INFO: Agent <agent_1> chose action DOWN in 0.00s.
2026-09-27 11:23:56,811 [BombeRLeWorld] INFO: Agent <agent_1> stayed within acceptable think time.
2026-09-27 11:23:56,811 [BombeRLeWorld] INFO: Agent <rule_based_agent_1> chose action RIGHT in 0.00s.
2026-09-27 11:23:56,811 [BombeRLeWorld] INFO: Agent <rule_based_agent_1> stayed within acceptable think time.
2026-09-27 11:23:56,811 [BombeRLeWorld] INFO: Agent <rule_based_agent_2> chose action RIGHT in 0.00s.
2026-09-27 11:23:56,811 [BombeRLeWorld] INFO: Agent <rule_based_agent_2> stayed within acceptable think time.
2026-09-27 11:23:56,902 [BombeRLeWorld] INFO: STARTING STEP 216
2026-09-27 11:23:56,912 [BombeRLeWorld] INFO: Agent <rule_based_agent_1> chose action LEFT in 0.00s.
2026-09-27 11:23:56,912 [BombeRLeWorld] INFO: Agent <rule_based_agent_1> stayed within acceptable think time.
2026-09-27 11:23:56,912 [BombeRLeWorld] INFO: Agent <rule_based_agent_2> chose action RIGHT in 0.00s.
2026-09-27 11:23:56,912 [BombeRLeWorld] INFO: Agent <rule_based_agent_2> stayed within acceptable think time.
2026-09-27 11:23:56,912 [BombeRLeWorld] INFO: Agent <agent_1> chose action DOWN in 0.00s.
2026-09-27 11:23:56,912 [BombeRLeWorld] INFO: Agent <agent_1> stayed within acceptable think time.
2026-09-27 11:23:57,002 [BombeRLeWorld] INFO: STARTING STEP 217
2026-09-27 11:23:57,015 [BombeRLeWorld] INFO: Agent <agent_1> chose action RIGHT in 0.01s.
2026-09-27 11:23:57,015 [BombeRLeWorld] INFO: Agent <agent_1> stayed within acceptable think time.
2026-09-27 11:23:57,015 [BombeRLeWorld] INFO: Agent <rule_based_agent_1> chose action BOMB in 0.00s.
2026-09-27 11:23:57,015 [BombeRLeWorld] INFO: Agent <rule_based_agent_1> stayed within acceptable think time.
2026-09-27 11:23:57,015 [BombeRLeWorld] INFO: Agent <rule_based_agent_1> drops bomb at (np.int64(14), np.int64(5))
2026-09-27 11:23:57,015 [BombeRLeWorld] INFO: Agent <rule_based_agent_2> chose action BOMB in 0.00s.
2026-09-27 11:23:57,015 [BombeRLeWorld] INFO: Agent <rule_based_agent_2> stayed within acceptable think time.
2026-09-27 11:23:57,015 [BombeRLeWorld] INFO: Agent <rule_based_agent_2> drops bomb at (np.int64(13), np.int64(5))
2026-09-27 11:23:57,103 [BombeRLeWorld] INFO: STARTING STEP 218
2026-09-27 11:23:57,113 [BombeRLeWorld] INFO: Agent <rule_based_agent_1> chose action RIGHT in 0.00s.
2026-09-27 11:23:57,113 [BombeRLeWorld] INFO: Agent <rule_based_agent_1> stayed within acceptable think time.
2026-09-27 11:23:57,113 [BombeRLeWorld] INFO: Agent <agent_1> chose action RIGHT in 0.00s.
2026-09-27 11:23:57,113 [BombeRLeWorld] INFO: Agent <agent_1> stayed within acceptable think time.
2026-09-27 11:23:57,113 [BombeRLeWorld] INFO: Agent <rule_based_agent_2> chose action UP in 0.00s.
2026-09-27 11:23:57,113 [BombeRLeWorld] INFO: Agent <rule_based_agent_2> stayed within acceptable think time.
2026-09-27 11:23:57,203 [BombeRLeWorld] INFO: STARTING STEP 219
2026-09-27 11:23:57,213 [BombeRLeWorld] INFO: Agent <agent_1> chose action BOMB in 0.00s.
2026-09-27 11:23:57,213 [BombeRLeWorld] INFO: Agent <agent_1> stayed within acceptable think time.
2026-09-27 11:23:57,214 [BombeRLeWorld] INFO: Agent <agent_1> drops bomb at (np.int64(13), np.int64(3))
2026-09-27 11:23:57,214 [BombeRLeWorld] INFO: Agent <rule_based_agent_2> chose action None in 0.00s.
2026-09-27 11:23:57,214 [BombeRLeWorld] INFO: Agent <rule_based_agent_2> stayed within acceptable think time.
2026-09-27 11:23:57,214 [BombeRLeWorld] INFO: Agent <rule_based_agent_1> chose action DOWN in 0.01s.
2026-09-27 11:23:57,214 [BombeRLeWorld] INFO: Agent <rule_based_agent_1> stayed within acceptable think time.
2026-09-27 11:23:57,303 [BombeRLeWorld] INFO: STARTING STEP 220
2026-09-27 11:23:57,312 [BombeRLeWorld] INFO: Agent <rule_based_agent_1> chose action UP in 0.00s.
2026-09-27 11:23:57,312 [BombeRLeWorld] INFO: Agent <rule_based_agent_1> stayed within acceptable think time.
2026-09-27 11:23:57,312 [BombeRLeWorld] INFO: Agent <rule_based_agent_2> chose action None in 0.00s.
2026-09-27 11:23:57,312 [BombeRLeWorld] INFO: Agent <rule_based_agent_2> stayed within acceptable think time.
2026-09-27 11:23:57,312 [BombeRLeWorld] INFO: Agent <agent_1> chose action RIGHT in 0.00s.
2026-09-27 11:23:57,312 [BombeRLeWorld] INFO: Agent <agent_1> stayed within acceptable think time.
2026-09-27 11:23:57,403 [BombeRLeWorld] INFO: STARTING STEP 221
2026-09-27 11:23:57,415 [BombeRLeWorld] INFO: Agent <rule_based_agent_2> chose action None in 0.00s.
2026-09-27 11:23:57,415 [BombeRLeWorld] INFO: Agent <rule_based_agent_2> stayed within acceptable think time.
2026-09-27 11:23:57,415 [BombeRLeWorld] INFO: Agent <rule_based_agent_1> chose action DOWN in 0.01s.
2026-09-27 11:23:57,415 [BombeRLeWorld] INFO: Agent <rule_based_agent_1> stayed within acceptable think time.
2026-09-27 11:23:57,415 [BombeRLeWorld] INFO: Agent <agent_1> chose action RIGHT in 0.00s.
2026-09-27 11:23:57,415 [BombeRLeWorld] INFO: Agent <agent_1> stayed within acceptable think time.
2026-09-27 11:23:57,415 [BombeRLeWorld] INFO: Agent <rule_based_agent_1>'s bomb at (np.int64(14), np.int64(5)) explodes
2026-09-27 11:23:57,415 [BombeRLeWorld] INFO: Agent <rule_based_agent_2>'s bomb at (np.int64(13), np.int64(5)) explodes
2026-09-27 11:23:57,415 [BombeRLeWorld] INFO: Agent <rule_based_agent_2> blown up by own bomb
2026-09-27 11:23:57,503 [BombeRLeWorld] INFO: STARTING STEP 222
2026-09-27 11:23:57,509 [BombeRLeWorld] INFO: Agent <rule_based_agent_1> chose action DOWN in 0.00s.
2026-09-27 11:23:57,509 [BombeRLeWorld] INFO: Agent <rule_based_agent_1> stayed within acceptable think time.
2026-09-27 11:23:57,509 [BombeRLeWorld] INFO: Agent <agent_1> chose action DOWN in 0.00s.
2026-09-27 11:23:57,509 [BombeRLeWorld] INFO: Agent <agent_1> stayed within acceptable think time.
2026-09-27 11:23:57,604 [BombeRLeWorld] INFO: STARTING STEP 223
2026-09-27 11:23:57,612 [BombeRLeWorld] INFO: Agent <rule_based_agent_1> chose action UP in 0.00s.
2026-09-27 11:23:57,612 [BombeRLeWorld] INFO: Agent <rule_based_agent_1> stayed within acceptable think time.
2026-09-27 11:23:57,612 [BombeRLeWorld] INFO: Agent <agent_1> chose action DOWN in 0.00s.
2026-09-27 11:23:57,612 [BombeRLeWorld] INFO: Agent <agent_1> stayed within acceptable think time.
2026-09-27 11:23:57,612 [BombeRLeWorld] INFO: Agent <agent_1>'s bomb at (np.int64(13), np.int64(3)) explodes
2026-09-27 11:23:57,705 [BombeRLeWorld] INFO: STARTING STEP 224
2026-09-27 11:23:57,712 [BombeRLeWorld] INFO: Agent <rule_based_agent_1> chose action DOWN in 0.00s.
2026-09-27 11:23:57,712 [BombeRLeWorld] INFO: Agent <rule_based_agent_1> stayed within acceptable think time.
2026-09-27 11:23:57,712 [BombeRLeWorld] INFO: Agent <agent_1> chose action UP in 0.00s.
2026-09-27 11:23:57,712 [BombeRLeWorld] INFO: Agent <agent_1> stayed within acceptable think time.
2026-09-27 11:23:57,805 [BombeRLeWorld] INFO: STARTING STEP 225
2026-09-27 11:23:57,814 [BombeRLeWorld] INFO: Agent <rule_based_agent_1> chose action UP in 0.00s.
2026-09-27 11:23:57,814 [BombeRLeWorld] INFO: Agent <rule_based_agent_1> stayed within acceptable think time.
2026-09-27 11:23:57,814 [BombeRLeWorld] INFO: Agent <agent_1> chose action DOWN in 0.00s.
2026-09-27 11:23:57,814 [BombeRLeWorld] INFO: Agent <agent_1> stayed within acceptable think time.
2026-09-27 11:23:57,906 [BombeRLeWorld] INFO: STARTING STEP 226
2026-09-27 11:23:57,915 [BombeRLeWorld] INFO: Agent <agent_1> chose action UP in 0.00s.
2026-09-27 11:23:57,915 [BombeRLeWorld] INFO: Agent <agent_1> stayed within acceptable think time.
2026-09-27 11:23:57,915 [BombeRLeWorld] INFO: Agent <rule_based_agent_1> chose action DOWN in 0.00s.
2026-09-27 11:23:57,915 [BombeRLeWorld] INFO: Agent <rule_based_agent_1> stayed within acceptable think time.
2026-09-27 11:23:58,006 [BombeRLeWorld] INFO: STARTING STEP 227
2026-09-27 11:23:58,015 [BombeRLeWorld] INFO: Agent <rule_based_agent_1> chose action UP in 0.00s.
2026-09-27 11:23:58,015 [BombeRLeWorld] INFO: Agent <rule_based_agent_1> stayed within acceptable think time.
2026-09-27 11:23:58,015 [BombeRLeWorld] INFO: Agent <agent_1> chose action DOWN in 0.00s.
2026-09-27 11:23:58,016 [BombeRLeWorld] INFO: Agent <agent_1> stayed within acceptable think time.
2026-09-27 11:23:58,105 [BombeRLeWorld] INFO: STARTING STEP 228
2026-09-27 11:23:58,113 [BombeRLeWorld] INFO: Agent <agent_1> chose action UP in 0.00s.
2026-09-27 11:23:58,114 [BombeRLeWorld] INFO: Agent <agent_1> stayed within acceptable think time.
2026-09-27 11:23:58,114 [BombeRLeWorld] INFO: Agent <rule_based_agent_1> chose action DOWN in 0.00s.
2026-09-27 11:23:58,114 [BombeRLeWorld] INFO: Agent <rule_based_agent_1> stayed within acceptable think time.
2026-09-27 11:23:58,205 [BombeRLeWorld] INFO: STARTING STEP 229
2026-09-27 11:23:58,212 [BombeRLeWorld] INFO: Agent <rule_based_agent_1> chose action UP in 0.00s.
2026-09-27 11:23:58,212 [BombeRLeWorld] INFO: Agent <rule_based_agent_1> stayed within acceptable think time.
2026-09-27 11:23:58,212 [BombeRLeWorld] INFO: Agent <agent_1> chose action DOWN in 0.00s.
2026-09-27 11:23:58,212 [BombeRLeWorld] INFO: Agent <agent_1> stayed within acceptable think time.
2026-09-27 11:23:58,306 [BombeRLeWorld] INFO: STARTING STEP 230
2026-09-27 11:23:58,315 [BombeRLeWorld] INFO: Agent <rule_based_agent_1> chose action DOWN in 0.00s.
2026-09-27 11:23:58,315 [BombeRLeWorld] INFO: Agent <rule_based_agent_1> stayed within acceptable think time.
2026-09-27 11:23:58,315 [BombeRLeWorld] INFO: Agent <agent_1> chose action LEFT in 0.00s.
2026-09-27 11:23:58,316 [BombeRLeWorld] INFO: Agent <agent_1> stayed within acceptable think time.
2026-09-27 11:23:58,407 [BombeRLeWorld] INFO: STARTING STEP 231
2026-09-27 11:23:58,416 [BombeRLeWorld] INFO: Agent <agent_1> chose action RIGHT in 0.00s.
2026-09-27 11:23:58,416 [BombeRLeWorld] INFO: Agent <agent_1> stayed within acceptable think time.
2026-09-27 11:23:58,417 [BombeRLeWorld] INFO: Agent <rule_based_agent_1> chose action UP in 0.00s.
2026-09-27 11:23:58,417 [BombeRLeWorld] INFO: Agent <rule_based_agent_1> stayed within acceptable think time.
2026-09-27 11:23:58,508 [BombeRLeWorld] INFO: STARTING STEP 232
2026-09-27 11:23:58,516 [BombeRLeWorld] INFO: Agent <agent_1> chose action LEFT in 0.00s.
2026-09-27 11:23:58,517 [BombeRLeWorld] INFO: Agent <agent_1> stayed within acceptable think time.
2026-09-27 11:23:58,517 [BombeRLeWorld] INFO: Agent <rule_based_agent_1> chose action DOWN in 0.00s.
2026-09-27 11:23:58,517 [BombeRLeWorld] INFO: Agent <rule_based_agent_1> stayed within acceptable think time.
2026-09-27 11:23:58,608 [BombeRLeWorld] INFO: STARTING STEP 233
2026-09-27 11:23:58,617 [BombeRLeWorld] INFO: Agent <agent_1> chose action RIGHT in 0.00s.
2026-09-27 11:23:58,617 [BombeRLeWorld] INFO: Agent <agent_1> stayed within acceptable think time.
2026-09-27 11:23:58,617 [BombeRLeWorld] INFO: Agent <rule_based_agent_1> chose action UP in 0.00s.
2026-09-27 11:23:58,617 [BombeRLeWorld] INFO: Agent <rule_based_agent_1> stayed within acceptable think time.
2026-09-27 11:23:58,709 [BombeRLeWorld] INFO: STARTING STEP 234
2026-09-27 11:23:58,719 [BombeRLeWorld] INFO: Agent <rule_based_agent_1> chose action DOWN in 0.00s.
2026-09-27 11:23:58,719 [BombeRLeWorld] INFO: Agent <rule_based_agent_1> stayed within acceptable think time.
2026-09-27 11:23:58,719 [BombeRLeWorld] INFO: Agent <agent_1> chose action LEFT in 0.00s.
2026-09-27 11:23:58,719 [BombeRLeWorld] INFO: Agent <agent_1> stayed within acceptable think time.
2026-09-27 11:23:58,809 [BombeRLeWorld] INFO: STARTING STEP 235
2026-09-27 11:23:58,818 [BombeRLeWorld] INFO: Agent <rule_based_agent_1> chose action UP in 0.00s.
2026-09-27 11:23:58,818 [BombeRLeWorld] INFO: Agent <rule_based_agent_1> stayed within acceptable think time.
2026-09-27 11:23:58,818 [BombeRLeWorld] INFO: Agent <agent_1> chose action RIGHT in 0.00s.
2026-09-27 11:23:58,818 [BombeRLeWorld] INFO: Agent <agent_1> stayed within acceptable think time.
2026-09-27 11:23:58,908 [BombeRLeWorld] INFO: STARTING STEP 236
2026-09-27 11:23:58,915 [BombeRLeWorld] INFO: Agent <rule_based_agent_1> chose action DOWN in 0.00s.
2026-09-27 11:23:58,915 [BombeRLeWorld] INFO: Agent <rule_based_agent_1> stayed within acceptable think time.
2026-09-27 11:23:58,915 [BombeRLeWorld] INFO: Agent <agent_1> chose action LEFT in 0.00s.
2026-09-27 11:23:58,915 [BombeRLeWorld] INFO: Agent <agent_1> stayed within acceptable think time.
2026-09-27 11:23:59,010 [BombeRLeWorld] INFO: STARTING STEP 237
2026-09-27 11:23:59,020 [BombeRLeWorld] INFO: Agent <rule_based_agent_1> chose action UP in 0.01s.
2026-09-27 11:23:59,020 [BombeRLeWorld] INFO: Agent <rule_based_agent_1> stayed within acceptable think time.
2026-09-27 11:23:59,020 [BombeRLeWorld] INFO: Agent <agent_1> chose action RIGHT in 0.00s.
2026-09-27 11:23:59,020 [BombeRLeWorld] INFO: Agent <agent_1> stayed within acceptable think time.
2026-09-27 11:23:59,110 [BombeRLeWorld] INFO: STARTING STEP 238
2026-09-27 11:23:59,119 [BombeRLeWorld] INFO: Agent <agent_1> chose action UP in 0.00s.
2026-09-27 11:23:59,119 [BombeRLeWorld] INFO: Agent <agent_1> stayed within acceptable think time.
2026-09-27 11:23:59,119 [BombeRLeWorld] INFO: Agent <rule_based_agent_1> chose action DOWN in 0.00s.
2026-09-27 11:23:59,119 [BombeRLeWorld] INFO: Agent <rule_based_agent_1> stayed within acceptable think time.
2026-09-27 11:23:59,211 [BombeRLeWorld] INFO: STARTING STEP 239
2026-09-27 11:23:59,220 [BombeRLeWorld] INFO: Agent <agent_1> chose action DOWN in 0.00s.
2026-09-27 11:23:59,220 [BombeRLeWorld] INFO: Agent <agent_1> stayed within acceptable think time.
2026-09-27 11:23:59,220 [BombeRLeWorld] INFO: Agent <rule_based_agent_1> chose action UP in 0.00s.
2026-09-27 11:23:59,221 [BombeRLeWorld] INFO: Agent <rule_based_agent_1> stayed within acceptable think time.
2026-09-27 11:23:59,311 [BombeRLeWorld] INFO: STARTING STEP 240
2026-09-27 11:23:59,320 [BombeRLeWorld] INFO: Agent <rule_based_agent_1> chose action DOWN in 0.00s.
2026-09-27 11:23:59,321 [BombeRLeWorld] INFO: Agent <rule_based_agent_1> stayed within acceptable think time.
2026-09-27 11:23:59,321 [BombeRLeWorld] INFO: Agent <agent_1> chose action UP in 0.00s.
2026-09-27 11:23:59,321 [BombeRLeWorld] INFO: Agent <agent_1> stayed within acceptable think time.
2026-09-27 11:23:59,412 [BombeRLeWorld] INFO: STARTING STEP 241
2026-09-27 11:23:59,421 [BombeRLeWorld] INFO: Agent <rule_based_agent_1> chose action UP in 0.00s.
2026-09-27 11:23:59,421 [BombeRLeWorld] INFO: Agent <rule_based_agent_1> stayed within acceptable think time.
2026-09-27 11:23:59,421 [BombeRLeWorld] INFO: Agent <agent_1> chose action DOWN in 0.00s.
2026-09-27 11:23:59,421 [BombeRLeWorld] INFO: Agent <agent_1> stayed within acceptable think time.
2026-09-27 11:23:59,512 [BombeRLeWorld] INFO: STARTING STEP 242
2026-09-27 11:23:59,521 [BombeRLeWorld] INFO: Agent <rule_based_agent_1> chose action DOWN in 0.00s.
2026-09-27 11:23:59,521 [BombeRLeWorld] INFO: Agent <rule_based_agent_1> stayed within acceptable think time.
2026-09-27 11:23:59,522 [BombeRLeWorld] INFO: Agent <agent_1> chose action UP in 0.00s.
2026-09-27 11:23:59,522 [BombeRLeWorld] INFO: Agent <agent_1> stayed within acceptable think time.
2026-09-27 11:23:59,611 [BombeRLeWorld] INFO: STARTING STEP 243
2026-09-27 11:23:59,618 [BombeRLeWorld] INFO: Agent <rule_based_agent_1> chose action UP in 0.00s.
2026-09-27 11:23:59,618 [BombeRLeWorld] INFO: Agent <rule_based_agent_1> stayed within acceptable think time.
2026-09-27 11:23:59,618 [BombeRLeWorld] INFO: Agent <agent_1> chose action DOWN in 0.00s.
2026-09-27 11:23:59,618 [BombeRLeWorld] INFO: Agent <agent_1> stayed within acceptable think time.
2026-09-27 11:23:59,713 [BombeRLeWorld] INFO: STARTING STEP 244
2026-09-27 11:23:59,722 [BombeRLeWorld] INFO: Agent <rule_based_agent_1> chose action DOWN in 0.01s.
2026-09-27 11:23:59,722 [BombeRLeWorld] INFO: Agent <rule_based_agent_1> stayed within acceptable think time.
2026-09-27 11:23:59,722 [BombeRLeWorld] INFO: Agent <agent_1> chose action LEFT in 0.00s.
2026-09-27 11:23:59,722 [BombeRLeWorld] INFO: Agent <agent_1> stayed within acceptable think time.
2026-09-27 11:23:59,813 [BombeRLeWorld] INFO: STARTING STEP 245
2026-09-27 11:23:59,822 [BombeRLeWorld] INFO: Agent <rule_based_agent_1> chose action UP in 0.00s.
2026-09-27 11:23:59,822 [BombeRLeWorld] INFO: Agent <rule_based_agent_1> stayed within acceptable think time.
2026-09-27 11:23:59,822 [BombeRLeWorld] INFO: Agent <agent_1> chose action RIGHT in 0.00s.
2026-09-27 11:23:59,822 [BombeRLeWorld] INFO: Agent <agent_1> stayed within acceptable think time.
2026-09-27 11:23:59,914 [BombeRLeWorld] INFO: STARTING STEP 246
2026-09-27 11:23:59,923 [BombeRLeWorld] INFO: Agent <agent_1> chose action LEFT in 0.00s.
2026-09-27 11:23:59,923 [BombeRLeWorld] INFO: Agent <agent_1> stayed within acceptable think time.
2026-09-27 11:23:59,923 [BombeRLeWorld] INFO: Agent <rule_based_agent_1> chose action DOWN in 0.00s.
2026-09-27 11:23:59,923 [BombeRLeWorld] INFO: Agent <rule_based_agent_1> stayed within acceptable think time.
2026-09-27 11:24:00,014 [BombeRLeWorld] INFO: STARTING STEP 247
2026-09-27 11:24:00,024 [BombeRLeWorld] INFO: Agent <agent_1> chose action RIGHT in 0.00s.
2026-09-27 11:24:00,024 [BombeRLeWorld] INFO: Agent <agent_1> stayed within acceptable think time.
2026-09-27 11:24:00,025 [BombeRLeWorld] INFO: Agent <rule_based_agent_1> chose action UP in 0.00s.
2026-09-27 11:24:00,025 [BombeRLeWorld] INFO: Agent <rule_based_agent_1> stayed within acceptable think time.
2026-09-27 11:24:00,114 [BombeRLeWorld] INFO: STARTING STEP 248
2026-09-27 11:24:00,123 [BombeRLeWorld] INFO: Agent <agent_1> chose action UP in 0.00s.
2026-09-27 11:24:00,123 [BombeRLeWorld] INFO: Agent <agent_1> stayed within acceptable think time.
2026-09-27 11:24:00,123 [BombeRLeWorld] INFO: Agent <rule_based_agent_1> chose action DOWN in 0.01s.
2026-09-27 11:24:00,124 [BombeRLeWorld] INFO: Agent <rule_based_agent_1> stayed within acceptable think time.
2026-09-27 11:24:00,215 [BombeRLeWorld] INFO: STARTING STEP 249
2026-09-27 11:24:00,224 [BombeRLeWorld] INFO: Agent <agent_1> chose action DOWN in 0.00s.
2026-09-27 11:24:00,224 [BombeRLeWorld] INFO: Agent <agent_1> stayed within acceptable think time.
2026-09-27 11:24:00,225 [BombeRLeWorld] INFO: Agent <rule_based_agent_1> chose action UP in 0.00s.
2026-09-27 11:24:00,225 [BombeRLeWorld] INFO: Agent <rule_based_agent_1> stayed within acceptable think time.
2026-09-27 11:24:00,314 [BombeRLeWorld] INFO: STARTING STEP 250
2026-09-27 11:24:00,320 [BombeRLeWorld] INFO: Agent <rule_based_agent_1> chose action DOWN in 0.00s.
2026-09-27 11:24:00,320 [BombeRLeWorld] INFO: Agent <rule_based_agent_1> stayed within acceptable think time.
2026-09-27 11:24:00,320 [BombeRLeWorld] INFO: Agent <agent_1> chose action LEFT in 0.00s.
2026-09-27 11:24:00,320 [BombeRLeWorld] INFO: Agent <agent_1> stayed within acceptable think time.
2026-09-27 11:24:00,416 [BombeRLeWorld] INFO: STARTING STEP 251
2026-09-27 11:24:00,425 [BombeRLeWorld] INFO: Agent <agent_1> chose action RIGHT in 0.00s.
2026-09-27 11:24:00,425 [BombeRLeWorld] INFO: Agent <agent_1> stayed within acceptable think time.
2026-09-27 11:24:00,425 [BombeRLeWorld] INFO: Agent <rule_based_agent_1> chose action UP in 0.00s.
2026-09-27 11:24:00,425 [BombeRLeWorld] INFO: Agent <rule_based_agent_1> stayed within acceptable think time.
2026-09-27 11:24:00,516 [BombeRLeWorld] INFO: STARTING STEP 252
2026-09-27 11:24:00,525 [BombeRLeWorld] INFO: Agent <agent_1> chose action LEFT in 0.00s.
2026-09-27 11:24:00,525 [BombeRLeWorld] INFO: Agent <agent_1> stayed within acceptable think time.
2026-09-27 11:24:00,525 [BombeRLeWorld] INFO: Agent <rule_based_agent_1> chose action DOWN in 0.00s.
2026-09-27 11:24:00,525 [BombeRLeWorld] INFO: Agent <rule_based_agent_1> stayed within acceptable think time.
2026-09-27 11:24:00,617 [BombeRLeWorld] INFO: STARTING STEP 253
2026-09-27 11:24:00,626 [BombeRLeWorld] INFO: Agent <rule_based_agent_1> chose action UP in 0.01s.
2026-09-27 11:24:00,627 [BombeRLeWorld] INFO: Agent <rule_based_agent_1> stayed within acceptable think time.
2026-09-27 11:24:00,627 [BombeRLeWorld] INFO: Agent <agent_1> chose action RIGHT in 0.00s.
2026-09-27 11:24:00,627 [BombeRLeWorld] INFO: Agent <agent_1> stayed within acceptable think time.
2026-09-27 11:24:00,716 [BombeRLeWorld] INFO: STARTING STEP 254
2026-09-27 11:24:00,725 [BombeRLeWorld] INFO: Agent <rule_based_agent_1> chose action DOWN in 0.00s.
2026-09-27 11:24:00,725 [BombeRLeWorld] INFO: Agent <rule_based_agent_1> stayed within acceptable think time.
2026-09-27 11:24:00,725 [BombeRLeWorld] INFO: Agent <agent_1> chose action UP in 0.00s.
2026-09-27 11:24:00,725 [BombeRLeWorld] INFO: Agent <agent_1> stayed within acceptable think time.
2026-09-27 11:24:00,817 [BombeRLeWorld] INFO: STARTING STEP 255
2026-09-27 11:24:00,825 [BombeRLeWorld] INFO: Agent <rule_based_agent_1> chose action UP in 0.00s.
2026-09-27 11:24:00,825 [BombeRLeWorld] INFO: Agent <rule_based_agent_1> stayed within acceptable think time.
2026-09-27 11:24:00,825 [BombeRLeWorld] INFO: Agent <agent_1> chose action DOWN in 0.00s.
2026-09-27 11:24:00,825 [BombeRLeWorld] INFO: Agent <agent_1> stayed within acceptable think time.
2026-09-27 11:24:00,917 [BombeRLeWorld] INFO: STARTING STEP 256
2026-09-27 11:24:00,926 [BombeRLeWorld] INFO: Agent <rule_based_agent_1> chose action DOWN in 0.00s.
2026-09-27 11:24:00,926 [BombeRLeWorld] INFO: Agent <rule_based_agent_1> stayed within acceptable think time.
2026-09-27 11:24:00,926 [BombeRLeWorld] INFO: Agent <agent_1> chose action LEFT in 0.00s.
2026-09-27 11:24:00,926 [BombeRLeWorld] INFO: Agent <agent_1> stayed within acceptable think time.
2026-09-27 11:24:01,017 [BombeRLeWorld] INFO: STARTING STEP 257
2026-09-27 11:24:01,024 [BombeRLeWorld] INFO: Agent <agent_1> chose action RIGHT in 0.00s.
2026-09-27 11:24:01,024 [BombeRLeWorld] INFO: Agent <agent_1> stayed within acceptable think time.
2026-09-27 11:24:01,024 [BombeRLeWorld] INFO: Agent <rule_based_agent_1> chose action UP in 0.00s.
2026-09-27 11:24:01,024 [BombeRLeWorld] INFO: Agent <rule_based_agent_1> stayed within acceptable think time.
2026-09-27 11:24:01,118 [BombeRLeWorld] INFO: STARTING STEP 258
2026-09-27 11:24:01,128 [BombeRLeWorld] INFO: Agent <agent_1> chose action UP in 0.00s.
2026-09-27 11:24:01,128 [BombeRLeWorld] INFO: Agent <agent_1> stayed within acceptable think time.
2026-09-27 11:24:01,128 [BombeRLeWorld] INFO: Agent <rule_based_agent_1> chose action DOWN in 0.01s.
2026-09-27 11:24:01,128 [BombeRLeWorld] INFO: Agent <rule_based_agent_1> stayed within acceptable think time.
2026-09-27 11:24:01,219 [BombeRLeWorld] INFO: STARTING STEP 259
2026-09-27 11:24:01,228 [BombeRLeWorld] INFO: Agent <agent_1> chose action DOWN in 0.00s.
2026-09-27 11:24:01,228 [BombeRLeWorld] INFO: Agent <agent_1> stayed within acceptable think time.
2026-09-27 11:24:01,228 [BombeRLeWorld] INFO: Agent <rule_based_agent_1> chose action UP in 0.00s.
2026-09-27 11:24:01,228 [BombeRLeWorld] INFO: Agent <rule_based_agent_1> stayed within acceptable think time.
2026-09-27 11:24:01,319 [BombeRLeWorld] INFO: STARTING STEP 260
2026-09-27 11:24:01,328 [BombeRLeWorld] INFO: Agent <rule_based_agent_1> chose action DOWN in 0.00s.
2026-09-27 11:24:01,328 [BombeRLeWorld] INFO: Agent <rule_based_agent_1> stayed within acceptable think time.
2026-09-27 11:24:01,328 [BombeRLeWorld] INFO: Agent <agent_1> chose action LEFT in 0.00s.
2026-09-27 11:24:01,328 [BombeRLeWorld] INFO: Agent <agent_1> stayed within acceptable think time.
2026-09-27 11:24:01,419 [BombeRLeWorld] INFO: STARTING STEP 261
2026-09-27 11:24:01,429 [BombeRLeWorld] INFO: Agent <agent_1> chose action RIGHT in 0.00s.
2026-09-27 11:24:01,429 [BombeRLeWorld] INFO: Agent <agent_1> stayed within acceptable think time.
2026-09-27 11:24:01,429 [BombeRLeWorld] INFO: Agent <rule_based_agent_1> chose action UP in 0.00s.
2026-09-27 11:24:01,429 [BombeRLeWorld] INFO: Agent <rule_based_agent_1> stayed within acceptable think time.
2026-09-27 11:24:01,520 [BombeRLeWorld] INFO: STARTING STEP 262
2026-09-27 11:24:01,528 [BombeRLeWorld] INFO: Agent <rule_based_agent_1> chose action DOWN in 0.00s.
2026-09-27 11:24:01,528 [BombeRLeWorld] INFO: Agent <rule_based_agent_1> stayed within acceptable think time.
2026-09-27 11:24:01,529 [BombeRLeWorld] INFO: Agent <agent_1> chose action UP in 0.00s.
2026-09-27 11:24:01,529 [BombeRLeWorld] INFO: Agent <agent_1> stayed within acceptable think time.
2026-09-27 11:24:01,620 [BombeRLeWorld] INFO: STARTING STEP 263
2026-09-27 11:24:01,630 [BombeRLeWorld] INFO: Agent <agent_1> chose action DOWN in 0.00s.
2026-09-27 11:24:01,630 [BombeRLeWorld] INFO: Agent <agent_1> stayed within acceptable think time.
2026-09-27 11:24:01,630 [BombeRLeWorld] INFO: Agent <rule_based_agent_1> chose action UP in 0.00s.
2026-09-27 11:24:01,630 [BombeRLeWorld] INFO: Agent <rule_based_agent_1> stayed within acceptable think time.
2026-09-27 11:24:01,720 [BombeRLeWorld] INFO: STARTING STEP 264
2026-09-27 11:24:01,726 [BombeRLeWorld] INFO: Agent <rule_based_agent_1> chose action DOWN in 0.00s.
2026-09-27 11:24:01,726 [BombeRLeWorld] INFO: Agent <rule_based_agent_1> stayed within acceptable think time.
2026-09-27 11:24:01,726 [BombeRLeWorld] INFO: Agent <agent_1> chose action LEFT in 0.00s.
2026-09-27 11:24:01,726 [BombeRLeWorld] INFO: Agent <agent_1> stayed within acceptable think time.
2026-09-27 11:24:01,822 [BombeRLeWorld] INFO: STARTING STEP 265
2026-09-27 11:24:01,832 [BombeRLeWorld] INFO: Agent <agent_1> chose action RIGHT in 0.00s.
2026-09-27 11:24:01,832 [BombeRLeWorld] INFO: Agent <agent_1> stayed within acceptable think time.
2026-09-27 11:24:01,832 [BombeRLeWorld] INFO: Agent <rule_based_agent_1> chose action UP in 0.00s.
2026-09-27 11:24:01,832 [BombeRLeWorld] INFO: Agent <rule_based_agent_1> stayed within acceptable think time.
2026-09-27 11:24:01,922 [BombeRLeWorld] INFO: STARTING STEP 266
2026-09-27 11:24:01,931 [BombeRLeWorld] INFO: Agent <agent_1> chose action UP in 0.00s.
2026-09-27 11:24:01,931 [BombeRLeWorld] INFO: Agent <agent_1> stayed within acceptable think time.
2026-09-27 11:24:01,931 [BombeRLeWorld] INFO: Agent <rule_based_agent_1> chose action DOWN in 0.00s.
2026-09-27 11:24:01,931 [BombeRLeWorld] INFO: Agent <rule_based_agent_1> stayed within acceptable think time.
2026-09-27 11:24:02,022 [BombeRLeWorld] INFO: STARTING STEP 267
2026-09-27 11:24:02,032 [BombeRLeWorld] INFO: Agent <agent_1> chose action DOWN in 0.00s.
2026-09-27 11:24:02,032 [BombeRLeWorld] INFO: Agent <agent_1> stayed within acceptable think time.
2026-09-27 11:24:02,032 [BombeRLeWorld] INFO: Agent <rule_based_agent_1> chose action UP in 0.00s.
2026-09-27 11:24:02,032 [BombeRLeWorld] INFO: Agent <rule_based_agent_1> stayed within acceptable think time.
2026-09-27 11:24:02,123 [BombeRLeWorld] INFO: STARTING STEP 268
2026-09-27 11:24:02,132 [BombeRLeWorld] INFO: Agent <rule_based_agent_1> chose action DOWN in 0.00s.
2026-09-27 11:24:02,132 [BombeRLeWorld] INFO: Agent <rule_based_agent_1> stayed within acceptable think time.
2026-09-27 11:24:02,132 [BombeRLeWorld] INFO: Agent <agent_1> chose action LEFT in 0.00s.
2026-09-27 11:24:02,132 [BombeRLeWorld] INFO: Agent <agent_1> stayed within acceptable think time.
2026-09-27 11:24:02,223 [BombeRLeWorld] INFO: STARTING STEP 269
2026-09-27 11:24:02,233 [BombeRLeWorld] INFO: Agent <rule_based_agent_1> chose action UP in 0.01s.
2026-09-27 11:24:02,233 [BombeRLeWorld] INFO: Agent <rule_based_agent_1> stayed within acceptable think time.
2026-09-27 11:24:02,233 [BombeRLeWorld] INFO: Agent <agent_1> chose action RIGHT in 0.00s.
2026-09-27 11:24:02,233 [BombeRLeWorld] INFO: Agent <agent_1> stayed within acceptable think time.
2026-09-27 11:24:02,324 [BombeRLeWorld] INFO: STARTING STEP 270
2026-09-27 11:24:02,334 [BombeRLeWorld] INFO: Agent <rule_based_agent_1> chose action DOWN in 0.01s.
2026-09-27 11:24:02,334 [BombeRLeWorld] INFO: Agent <rule_based_agent_1> stayed within acceptable think time.
2026-09-27 11:24:02,334 [BombeRLeWorld] INFO: Agent <agent_1> chose action UP in 0.00s.
2026-09-27 11:24:02,334 [BombeRLeWorld] INFO: Agent <agent_1> stayed within acceptable think time.
2026-09-27 11:24:02,423 [BombeRLeWorld] INFO: STARTING STEP 271
2026-09-27 11:24:02,430 [BombeRLeWorld] INFO: Agent <agent_1> chose action DOWN in 0.00s.
2026-09-27 11:24:02,430 [BombeRLeWorld] INFO: Agent <agent_1> stayed within acceptable think time.
2026-09-27 11:24:02,430 [BombeRLeWorld] INFO: Agent <rule_based_agent_1> chose action UP in 0.00s.
2026-09-27 11:24:02,430 [BombeRLeWorld] INFO: Agent <rule_based_agent_1> stayed within acceptable think time.
2026-09-27 11:24:02,524 [BombeRLeWorld] INFO: STARTING STEP 272
2026-09-27 11:24:02,533 [BombeRLeWorld] INFO: Agent <rule_based_agent_1> chose action DOWN in 0.00s.
2026-09-27 11:24:02,533 [BombeRLeWorld] INFO: Agent <rule_based_agent_1> stayed within acceptable think time.
2026-09-27 11:24:02,533 [BombeRLeWorld] INFO: Agent <agent_1> chose action UP in 0.00s.
2026-09-27 11:24:02,533 [BombeRLeWorld] INFO: Agent <agent_1> stayed within acceptable think time.
2026-09-27 11:24:02,624 [BombeRLeWorld] INFO: STARTING STEP 273
2026-09-27 11:24:02,634 [BombeRLeWorld] INFO: Agent <rule_based_agent_1> chose action UP in 0.00s.
2026-09-27 11:24:02,634 [BombeRLeWorld] INFO: Agent <rule_based_agent_1> stayed within acceptable think time.
2026-09-27 11:24:02,634 [BombeRLeWorld] INFO: Agent <agent_1> chose action DOWN in 0.00s.
2026-09-27 11:24:02,634 [BombeRLeWorld] INFO: Agent <agent_1> stayed within acceptable think time.
2026-09-27 11:24:02,725 [BombeRLeWorld] INFO: STARTING STEP 274
2026-09-27 11:24:02,734 [BombeRLeWorld] INFO: Agent <rule_based_agent_1> chose action DOWN in 0.00s.
2026-09-27 11:24:02,734 [BombeRLeWorld] INFO: Agent <rule_based_agent_1> stayed within acceptable think time.
2026-09-27 11:24:02,734 [BombeRLeWorld] INFO: Agent <agent_1> chose action UP in 0.00s.
2026-09-27 11:24:02,734 [BombeRLeWorld] INFO: Agent <agent_1> stayed within acceptable think time.
2026-09-27 11:24:02,826 [BombeRLeWorld] INFO: STARTING STEP 275
2026-09-27 11:24:02,836 [BombeRLeWorld] INFO: Agent <rule_based_agent_1> chose action UP in 0.00s.
2026-09-27 11:24:02,836 [BombeRLeWorld] INFO: Agent <rule_based_agent_1> stayed within acceptable think time.
2026-09-27 11:24:02,836 [BombeRLeWorld] INFO: Agent <agent_1> chose action DOWN in 0.00s.
2026-09-27 11:24:02,836 [BombeRLeWorld] INFO: Agent <agent_1> stayed within acceptable think time.
2026-09-27 11:24:02,926 [BombeRLeWorld] INFO: STARTING STEP 276
2026-09-27 11:24:02,934 [BombeRLeWorld] INFO: Agent <agent_1> chose action LEFT in 0.00s.
2026-09-27 11:24:02,934 [BombeRLeWorld] INFO: Agent <agent_1> stayed within acceptable think time.
2026-09-27 11:24:02,934 [BombeRLeWorld] INFO: Agent <rule_based_agent_1> chose action DOWN in 0.00s.
2026-09-27 11:24:02,934 [BombeRLeWorld] INFO: Agent <rule_based_agent_1> stayed within acceptable think time.
2026-09-27 11:24:03,027 [BombeRLeWorld] INFO: STARTING STEP 277
2026-09-27 11:24:03,037 [BombeRLeWorld] INFO: Agent <agent_1> chose action RIGHT in 0.00s.
2026-09-27 11:24:03,037 [BombeRLeWorld] INFO: Agent <agent_1> stayed within acceptable think time.
2026-09-27 11:24:03,038 [BombeRLeWorld] INFO: Agent <rule_based_agent_1> chose action UP in 0.00s.
2026-09-27 11:24:03,038 [BombeRLeWorld] INFO: Agent <rule_based_agent_1> stayed within acceptable think time.
2026-09-27 11:24:03,126 [BombeRLeWorld] INFO: STARTING STEP 278
2026-09-27 11:24:03,132 [BombeRLeWorld] INFO: Agent <rule_based_agent_1> chose action DOWN in 0.00s.
2026-09-27 11:24:03,133 [BombeRLeWorld] INFO: Agent <rule_based_agent_1> stayed within acceptable think time.
2026-09-27 11:24:03,133 [BombeRLeWorld] INFO: Agent <agent_1> chose action UP in 0.00s.
2026-09-27 11:24:03,133 [BombeRLeWorld] INFO: Agent <agent_1> stayed within acceptable think time.
2026-09-27 11:24:03,228 [BombeRLeWorld] INFO: STARTING STEP 279
2026-09-27 11:24:03,237 [BombeRLeWorld] INFO: Agent <rule_based_agent_1> chose action UP in 0.00s.
2026-09-27 11:24:03,237 [BombeRLeWorld] INFO: Agent <rule_based_agent_1> stayed within acceptable think time.
2026-09-27 11:24:03,237 [BombeRLeWorld] INFO: Agent <agent_1> chose action DOWN in 0.00s.
2026-09-27 11:24:03,237 [BombeRLeWorld] INFO: Agent <agent_1> stayed within acceptable think time.
2026-09-27 11:24:03,327 [BombeRLeWorld] INFO: STARTING STEP 280
2026-09-27 11:24:03,333 [BombeRLeWorld] INFO: Agent <agent_1> chose action UP in 0.00s.
2026-09-27 11:24:03,333 [BombeRLeWorld] INFO: Agent <agent_1> stayed within acceptable think time.
2026-09-27 11:24:03,333 [BombeRLeWorld] INFO: Agent <rule_based_agent_1> chose action DOWN in 0.00s.
2026-09-27 11:24:03,333 [BombeRLeWorld] INFO: Agent <rule_based_agent_1> stayed within acceptable think time.
2026-09-27 11:24:03,428 [BombeRLeWorld] INFO: STARTING STEP 281
2026-09-27 11:24:03,438 [BombeRLeWorld] INFO: Agent <rule_based_agent_1> chose action UP in 0.00s.
2026-09-27 11:24:03,438 [BombeRLeWorld] INFO: Agent <rule_based_agent_1> stayed within acceptable think time.
2026-09-27 11:24:03,438 [BombeRLeWorld] INFO: Agent <agent_1> chose action DOWN in 0.00s.
2026-09-27 11:24:03,438 [BombeRLeWorld] INFO: Agent <agent_1> stayed within acceptable think time.
2026-09-27 11:24:03,529 [BombeRLeWorld] INFO: STARTING STEP 282
2026-09-27 11:24:03,538 [BombeRLeWorld] INFO: Agent <agent_1> chose action UP in 0.00s.
2026-09-27 11:24:03,538 [BombeRLeWorld] INFO: Agent <agent_1> stayed within acceptable think time.
2026-09-27 11:24:03,538 [BombeRLeWorld] INFO: Agent <rule_based_agent_1> chose action DOWN in 0.00s.
2026-09-27 11:24:03,538 [BombeRLeWorld] INFO: Agent <rule_based_agent_1> stayed within acceptable think time.
2026-09-27 11:24:03,629 [BombeRLeWorld] INFO: STARTING STEP 283
2026-09-27 11:24:03,639 [BombeRLeWorld] INFO: Agent <rule_based_agent_1> chose action UP in 0.00s.
2026-09-27 11:24:03,639 [BombeRLeWorld] INFO: Agent <rule_based_agent_1> stayed within acceptable think time.
2026-09-27 11:24:03,639 [BombeRLeWorld] INFO: Agent <agent_1> chose action DOWN in 0.00s.
2026-09-27 11:24:03,639 [BombeRLeWorld] INFO: Agent <agent_1> stayed within acceptable think time.
2026-09-27 11:24:03,730 [BombeRLeWorld] INFO: STARTING STEP 284
2026-09-27 11:24:03,738 [BombeRLeWorld] INFO: Agent <agent_1> chose action UP in 0.00s.
2026-09-27 11:24:03,739 [BombeRLeWorld] INFO: Agent <agent_1> stayed within acceptable think time.
2026-09-27 11:24:03,739 [BombeRLeWorld] INFO: Agent <rule_based_agent_1> chose action DOWN in 0.00s.
2026-09-27 11:24:03,739 [BombeRLeWorld] INFO: Agent <rule_based_agent_1> stayed within acceptable think time.
2026-09-27 11:24:03,829 [BombeRLeWorld] INFO: STARTING STEP 285
2026-09-27 11:24:03,836 [BombeRLeWorld] INFO: Agent <agent_1> chose action DOWN in 0.00s.
2026-09-27 11:24:03,836 [BombeRLeWorld] INFO: Agent <agent_1> stayed within acceptable think time.
2026-09-27 11:24:03,836 [BombeRLeWorld] INFO: Agent <rule_based_agent_1> chose action UP in 0.00s.
2026-09-27 11:24:03,836 [BombeRLeWorld] INFO: Agent <rule_based_agent_1> stayed within acceptable think time.
2026-09-27 11:24:03,931 [BombeRLeWorld] INFO: STARTING STEP 286
2026-09-27 11:24:03,940 [BombeRLeWorld] INFO: Agent <agent_1> chose action UP in 0.00s.
2026-09-27 11:24:03,940 [BombeRLeWorld] INFO: Agent <agent_1> stayed within acceptable think time.
2026-09-27 11:24:03,940 [BombeRLeWorld] INFO: Agent <rule_based_agent_1> chose action DOWN in 0.00s.
2026-09-27 11:24:03,940 [BombeRLeWorld] INFO: Agent <rule_based_agent_1> stayed within acceptable think time.
2026-09-27 11:24:04,031 [BombeRLeWorld] INFO: STARTING STEP 287
2026-09-27 11:24:04,039 [BombeRLeWorld] INFO: Agent <agent_1> chose action DOWN in 0.00s.
2026-09-27 11:24:04,039 [BombeRLeWorld] INFO: Agent <agent_1> stayed within acceptable think time.
2026-09-27 11:24:04,039 [BombeRLeWorld] INFO: Agent <rule_based_agent_1> chose action UP in 0.00s.
2026-09-27 11:24:04,039 [BombeRLeWorld] INFO: Agent <rule_based_agent_1> stayed within acceptable think time.
2026-09-27 11:24:04,132 [BombeRLeWorld] INFO: STARTING STEP 288
2026-09-27 11:24:04,141 [BombeRLeWorld] INFO: Agent <agent_1> chose action UP in 0.00s.
2026-09-27 11:24:04,141 [BombeRLeWorld] INFO: Agent <agent_1> stayed within acceptable think time.
2026-09-27 11:24:04,141 [BombeRLeWorld] INFO: Agent <rule_based_agent_1> chose action DOWN in 0.00s.
2026-09-27 11:24:04,141 [BombeRLeWorld] INFO: Agent <rule_based_agent_1> stayed within acceptable think time.
2026-09-27 11:24:04,232 [BombeRLeWorld] INFO: STARTING STEP 289
2026-09-27 11:24:04,242 [BombeRLeWorld] INFO: Agent <agent_1> chose action DOWN in 0.00s.
2026-09-27 11:24:04,242 [BombeRLeWorld] INFO: Agent <agent_1> stayed within acceptable think time.
2026-09-27 11:24:04,242 [BombeRLeWorld] INFO: Agent <rule_based_agent_1> chose action UP in 0.01s.
2026-09-27 11:24:04,242 [BombeRLeWorld] INFO: Agent <rule_based_agent_1> stayed within acceptable think time.
2026-09-27 11:24:04,332 [BombeRLeWorld] INFO: STARTING STEP 290
2026-09-27 11:24:04,341 [BombeRLeWorld] INFO: Agent <rule_based_agent_1> chose action DOWN in 0.00s.
2026-09-27 11:24:04,341 [BombeRLeWorld] INFO: Agent <rule_based_agent_1> stayed within acceptable think time.
2026-09-27 11:24:04,341 [BombeRLeWorld] INFO: Agent <agent_1> chose action UP in 0.00s.
2026-09-27 11:24:04,341 [BombeRLeWorld] INFO: Agent <agent_1> stayed within acceptable think time.
2026-09-27 11:24:04,433 [BombeRLeWorld] INFO: STARTING STEP 291
2026-09-27 11:24:04,442 [BombeRLeWorld] INFO: Agent <rule_based_agent_1> chose action UP in 0.00s.
2026-09-27 11:24:04,443 [BombeRLeWorld] INFO: Agent <rule_based_agent_1> stayed within acceptable think time.
2026-09-27 11:24:04,443 [BombeRLeWorld] INFO: Agent <agent_1> chose action DOWN in 0.00s.
2026-09-27 11:24:04,443 [BombeRLeWorld] INFO: Agent <agent_1> stayed within acceptable think time.
2026-09-27 11:24:04,532 [BombeRLeWorld] INFO: STARTING STEP 292
2026-09-27 11:24:04,538 [BombeRLeWorld] INFO: Agent <rule_based_agent_1> chose action DOWN in 0.00s.
2026-09-27 11:24:04,538 [BombeRLeWorld] INFO: Agent <rule_based_agent_1> stayed within acceptable think time.
2026-09-27 11:24:04,538 [BombeRLeWorld] INFO: Agent <agent_1> chose action UP in 0.00s.
2026-09-27 11:24:04,538 [BombeRLeWorld] INFO: Agent <agent_1> stayed within acceptable think time.
2026-09-27 11:24:04,633 [BombeRLeWorld] INFO: STARTING STEP 293
2026-09-27 11:24:04,643 [BombeRLeWorld] INFO: Agent <agent_1> chose action DOWN in 0.00s.
2026-09-27 11:24:04,643 [BombeRLeWorld] INFO: Agent <agent_1> stayed within acceptable think time.
2026-09-27 11:24:04,643 [BombeRLeWorld] INFO: Agent <rule_based_agent_1> chose action UP in 0.01s.
2026-09-27 11:24:04,644 [BombeRLeWorld] INFO: Agent <rule_based_agent_1> stayed within acceptable think time.
2026-09-27 11:24:04,734 [BombeRLeWorld] INFO: STARTING STEP 294
2026-09-27 11:24:04,743 [BombeRLeWorld] INFO: Agent <rule_based_agent_1> chose action DOWN in 0.01s.
2026-09-27 11:24:04,743 [BombeRLeWorld] INFO: Agent <rule_based_agent_1> stayed within acceptable think time.
2026-09-27 11:24:04,744 [BombeRLeWorld] INFO: Agent <agent_1> chose action LEFT in 0.00s.
2026-09-27 11:24:04,744 [BombeRLeWorld] INFO: Agent <agent_1> stayed within acceptable think time.
2026-09-27 11:24:04,835 [BombeRLeWorld] INFO: STARTING STEP 295
2026-09-27 11:24:04,845 [BombeRLeWorld] INFO: Agent <agent_1> chose action RIGHT in 0.00s.
2026-09-27 11:24:04,845 [BombeRLeWorld] INFO: Agent <agent_1> stayed within acceptable think time.
2026-09-27 11:24:04,845 [BombeRLeWorld] INFO: Agent <rule_based_agent_1> chose action UP in 0.01s.
2026-09-27 11:24:04,845 [BombeRLeWorld] INFO: Agent <rule_based_agent_1> stayed within acceptable think time.
2026-09-27 11:24:04,935 [BombeRLeWorld] INFO: STARTING STEP 296
2026-09-27 11:24:04,944 [BombeRLeWorld] INFO: Agent <rule_based_agent_1> chose action DOWN in 0.01s.
2026-09-27 11:24:04,944 [BombeRLeWorld] INFO: Agent <rule_based_agent_1> stayed within acceptable think time.
2026-09-27 11:24:04,944 [BombeRLeWorld] INFO: Agent <agent_1> chose action UP in 0.00s.
2026-09-27 11:24:04,944 [BombeRLeWorld] INFO: Agent <agent_1> stayed within acceptable think time.
2026-09-27 11:24:05,036 [BombeRLeWorld] INFO: STARTING STEP 297
2026-09-27 11:24:05,045 [BombeRLeWorld] INFO: Agent <rule_based_agent_1> chose action UP in 0.00s.
2026-09-27 11:24:05,045 [BombeRLeWorld] INFO: Agent <rule_based_agent_1> stayed within acceptable think time.
2026-09-27 11:24:05,045 [BombeRLeWorld] INFO: Agent <agent_1> chose action DOWN in 0.00s.
2026-09-27 11:24:05,046 [BombeRLeWorld] INFO: Agent <agent_1> stayed within acceptable think time.
2026-09-27 11:24:05,136 [BombeRLeWorld] INFO: STARTING STEP 298
2026-09-27 11:24:05,145 [BombeRLeWorld] INFO: Agent <agent_1> chose action LEFT in 0.00s.
2026-09-27 11:24:05,145 [BombeRLeWorld] INFO: Agent <agent_1> stayed within acceptable think time.
2026-09-27 11:24:05,145 [BombeRLeWorld] INFO: Agent <rule_based_agent_1> chose action DOWN in 0.00s.
2026-09-27 11:24:05,145 [BombeRLeWorld] INFO: Agent <rule_based_agent_1> stayed within acceptable think time.
2026-09-27 11:24:05,236 [BombeRLeWorld] INFO: STARTING STEP 299
2026-09-27 11:24:05,243 [BombeRLeWorld] INFO: Agent <rule_based_agent_1> chose action UP in 0.00s.
2026-09-27 11:24:05,243 [BombeRLeWorld] INFO: Agent <rule_based_agent_1> stayed within acceptable think time.
2026-09-27 11:24:05,243 [BombeRLeWorld] INFO: Agent <agent_1> chose action RIGHT in 0.00s.
2026-09-27 11:24:05,243 [BombeRLeWorld] INFO: Agent <agent_1> stayed within acceptable think time.
2026-09-27 11:24:05,337 [BombeRLeWorld] INFO: STARTING STEP 300
2026-09-27 11:24:05,346 [BombeRLeWorld] INFO: Agent <agent_1> chose action UP in 0.00s.
2026-09-27 11:24:05,346 [BombeRLeWorld] INFO: Agent <agent_1> stayed within acceptable think time.
2026-09-27 11:24:05,346 [BombeRLeWorld] INFO: Agent <rule_based_agent_1> chose action DOWN in 0.00s.
2026-09-27 11:24:05,346 [BombeRLeWorld] INFO: Agent <rule_based_agent_1> stayed within acceptable think time.
2026-09-27 11:24:05,437 [BombeRLeWorld] INFO: STARTING STEP 301
2026-09-27 11:24:05,447 [BombeRLeWorld] INFO: Agent <rule_based_agent_1> chose action UP in 0.00s.
2026-09-27 11:24:05,447 [BombeRLeWorld] INFO: Agent <rule_based_agent_1> stayed within acceptable think time.
2026-09-27 11:24:05,447 [BombeRLeWorld] INFO: Agent <agent_1> chose action DOWN in 0.00s.
2026-09-27 11:24:05,447 [BombeRLeWorld] INFO: Agent <agent_1> stayed within acceptable think time.
2026-09-27 11:24:05,537 [BombeRLeWorld] INFO: STARTING STEP 302
2026-09-27 11:24:05,545 [BombeRLeWorld] INFO: Agent <rule_based_agent_1> chose action DOWN in 0.00s.
2026-09-27 11:24:05,545 [BombeRLeWorld] INFO: Agent <rule_based_agent_1> stayed within acceptable think time.
2026-09-27 11:24:05,545 [BombeRLeWorld] INFO: Agent <agent_1> chose action LEFT in 0.00s.
2026-09-27 11:24:05,546 [BombeRLeWorld] INFO: Agent <agent_1> stayed within acceptable think time.
2026-09-27 11:24:05,638 [BombeRLeWorld] INFO: STARTING STEP 303
2026-09-27 11:24:05,648 [BombeRLeWorld] INFO: Agent <agent_1> chose action RIGHT in 0.00s.
2026-09-27 11:24:05,648 [BombeRLeWorld] INFO: Agent <agent_1> stayed within acceptable think time.
2026-09-27 11:24:05,648 [BombeRLeWorld] INFO: Agent <rule_based_agent_1> chose action UP in 0.00s.
2026-09-27 11:24:05,648 [BombeRLeWorld] INFO: Agent <rule_based_agent_1> stayed within acceptable think time.
2026-09-27 11:24:05,738 [BombeRLeWorld] INFO: STARTING STEP 304
2026-09-27 11:24:05,749 [BombeRLeWorld] INFO: Agent <rule_based_agent_1> chose action DOWN in 0.01s.
2026-09-27 11:24:05,749 [BombeRLeWorld] INFO: Agent <rule_based_agent_1> stayed within acceptable think time.
2026-09-27 11:24:05,749 [BombeRLeWorld] INFO: Agent <agent_1> chose action LEFT in 0.00s.
2026-09-27 11:24:05,749 [BombeRLeWorld] INFO: Agent <agent_1> stayed within acceptable think time.
2026-09-27 11:24:05,838 [BombeRLeWorld] INFO: STARTING STEP 305
2026-09-27 11:24:05,845 [BombeRLeWorld] INFO: Agent <rule_based_agent_1> chose action UP in 0.00s.
2026-09-27 11:24:05,845 [BombeRLeWorld] INFO: Agent <rule_based_agent_1> stayed within acceptable think time.
2026-09-27 11:24:05,845 [BombeRLeWorld] INFO: Agent <agent_1> chose action RIGHT in 0.00s.
2026-09-27 11:24:05,845 [BombeRLeWorld] INFO: Agent <agent_1> stayed within acceptable think time.
2026-09-27 11:24:05,939 [BombeRLeWorld] INFO: STARTING STEP 306
2026-09-27 11:24:05,945 [BombeRLeWorld] INFO: Agent <rule_based_agent_1> chose action DOWN in 0.00s.
2026-09-27 11:24:05,945 [BombeRLeWorld] INFO: Agent <rule_based_agent_1> stayed within acceptable think time.
2026-09-27 11:24:05,946 [BombeRLeWorld] INFO: Agent <agent_1> chose action UP in 0.00s.
2026-09-27 11:24:05,946 [BombeRLeWorld] INFO: Agent <agent_1> stayed within acceptable think time.
2026-09-27 11:24:06,040 [BombeRLeWorld] INFO: STARTING STEP 307
2026-09-27 11:24:06,050 [BombeRLeWorld] INFO: Agent <rule_based_agent_1> chose action UP in 0.00s.
2026-09-27 11:24:06,050 [BombeRLeWorld] INFO: Agent <rule_based_agent_1> stayed within acceptable think time.
2026-09-27 11:24:06,050 [BombeRLeWorld] INFO: Agent <agent_1> chose action DOWN in 0.00s.
2026-09-27 11:24:06,050 [BombeRLeWorld] INFO: Agent <agent_1> stayed within acceptable think time.
2026-09-27 11:24:06,141 [BombeRLeWorld] INFO: STARTING STEP 308
2026-09-27 11:24:06,150 [BombeRLeWorld] INFO: Agent <rule_based_agent_1> chose action DOWN in 0.01s.
2026-09-27 11:24:06,150 [BombeRLeWorld] INFO: Agent <rule_based_agent_1> stayed within acceptable think time.
2026-09-27 11:24:06,150 [BombeRLeWorld] INFO: Agent <agent_1> chose action UP in 0.00s.
2026-09-27 11:24:06,150 [BombeRLeWorld] INFO: Agent <agent_1> stayed within acceptable think time.
2026-09-27 11:24:06,240 [BombeRLeWorld] INFO: STARTING STEP 309
2026-09-27 11:24:06,249 [BombeRLeWorld] INFO: Agent <agent_1> chose action DOWN in 0.00s.
2026-09-27 11:24:06,250 [BombeRLeWorld] INFO: Agent <agent_1> stayed within acceptable think time.
2026-09-27 11:24:06,250 [BombeRLeWorld] INFO: Agent <rule_based_agent_1> chose action UP in 0.00s.
2026-09-27 11:24:06,250 [BombeRLeWorld] INFO: Agent <rule_based_agent_1> stayed within acceptable think time.
2026-09-27 11:24:06,340 [BombeRLeWorld] INFO: STARTING STEP 310
2026-09-27 11:24:06,350 [BombeRLeWorld] INFO: Agent <agent_1> chose action UP in 0.00s.
2026-09-27 11:24:06,350 [BombeRLeWorld] INFO: Agent <agent_1> stayed within acceptable think time.
2026-09-27 11:24:06,350 [BombeRLeWorld] INFO: Agent <rule_based_agent_1> chose action DOWN in 0.01s.
2026-09-27 11:24:06,350 [BombeRLeWorld] INFO: Agent <rule_based_agent_1> stayed within acceptable think time.
2026-09-27 11:24:06,441 [BombeRLeWorld] INFO: STARTING STEP 311
2026-09-27 11:24:06,451 [BombeRLeWorld] INFO: Agent <rule_based_agent_1> chose action UP in 0.00s.
2026-09-27 11:24:06,451 [BombeRLeWorld] INFO: Agent <rule_based_agent_1> stayed within acceptable think time.
2026-09-27 11:24:06,451 [BombeRLeWorld] INFO: Agent <agent_1> chose action DOWN in 0.00s.
2026-09-27 11:24:06,451 [BombeRLeWorld] INFO: Agent <agent_1> stayed within acceptable think time.
2026-09-27 11:24:06,541 [BombeRLeWorld] INFO: STARTING STEP 312
2026-09-27 11:24:06,550 [BombeRLeWorld] INFO: Agent <agent_1> chose action LEFT in 0.00s.
2026-09-27 11:24:06,551 [BombeRLeWorld] INFO: Agent <agent_1> stayed within acceptable think time.
2026-09-27 11:24:06,551 [BombeRLeWorld] INFO: Agent <rule_based_agent_1> chose action DOWN in 0.00s.
2026-09-27 11:24:06,551 [BombeRLeWorld] INFO: Agent <rule_based_agent_1> stayed within acceptable think time.
2026-09-27 11:24:06,641 [BombeRLeWorld] INFO: STARTING STEP 313
2026-09-27 11:24:06,648 [BombeRLeWorld] INFO: Agent <rule_based_agent_1> chose action UP in 0.00s.
2026-09-27 11:24:06,648 [BombeRLeWorld] INFO: Agent <rule_based_agent_1> stayed within acceptable think time.
2026-09-27 11:24:06,648 [BombeRLeWorld] INFO: Agent <agent_1> chose action RIGHT in 0.00s.
2026-09-27 11:24:06,648 [BombeRLeWorld] INFO: Agent <agent_1> stayed within acceptable think time.
2026-09-27 11:24:06,742 [BombeRLeWorld] INFO: STARTING STEP 314
2026-09-27 11:24:06,752 [BombeRLeWorld] INFO: Agent <agent_1> chose action LEFT in 0.00s.
2026-09-27 11:24:06,752 [BombeRLeWorld] INFO: Agent <agent_1> stayed within acceptable think time.
2026-09-27 11:24:06,752 [BombeRLeWorld] INFO: Agent <rule_based_agent_1> chose action DOWN in 0.01s.
2026-09-27 11:24:06,752 [BombeRLeWorld] INFO: Agent <rule_based_agent_1> stayed within acceptable think time.
2026-09-27 11:24:06,843 [BombeRLeWorld] INFO: STARTING STEP 315
2026-09-27 11:24:06,853 [BombeRLeWorld] INFO: Agent <agent_1> chose action RIGHT in 0.00s.
2026-09-27 11:24:06,853 [BombeRLeWorld] INFO: Agent <agent_1> stayed within acceptable think time.
2026-09-27 11:24:06,853 [BombeRLeWorld] INFO: Agent <rule_based_agent_1> chose action UP in 0.00s.
2026-09-27 11:24:06,853 [BombeRLeWorld] INFO: Agent <rule_based_agent_1> stayed within acceptable think time.
2026-09-27 11:24:06,943 [BombeRLeWorld] INFO: STARTING STEP 316
2026-09-27 11:24:06,952 [BombeRLeWorld] INFO: Agent <rule_based_agent_1> chose action DOWN in 0.00s.
2026-09-27 11:24:06,952 [BombeRLeWorld] INFO: Agent <rule_based_agent_1> stayed within acceptable think time.
2026-09-27 11:24:06,952 [BombeRLeWorld] INFO: Agent <agent_1> chose action UP in 0.00s.
2026-09-27 11:24:06,952 [BombeRLeWorld] INFO: Agent <agent_1> stayed within acceptable think time.
2026-09-27 11:24:07,044 [BombeRLeWorld] INFO: STARTING STEP 317
2026-09-27 11:24:07,055 [BombeRLeWorld] INFO: Agent <agent_1> chose action DOWN in 0.00s.
2026-09-27 11:24:07,055 [BombeRLeWorld] INFO: Agent <agent_1> stayed within acceptable think time.
2026-09-27 11:24:07,055 [BombeRLeWorld] INFO: Agent <rule_based_agent_1> chose action UP in 0.01s.
2026-09-27 11:24:07,055 [BombeRLeWorld] INFO: Agent <rule_based_agent_1> stayed within acceptable think time.
2026-09-27 11:24:07,144 [BombeRLeWorld] INFO: STARTING STEP 318
2026-09-27 11:24:07,153 [BombeRLeWorld] INFO: Agent <agent_1> chose action LEFT in 0.00s.
2026-09-27 11:24:07,153 [BombeRLeWorld] INFO: Agent <agent_1> stayed within acceptable think time.
2026-09-27 11:24:07,153 [BombeRLeWorld] INFO: Agent <rule_based_agent_1> chose action DOWN in 0.00s.
2026-09-27 11:24:07,153 [BombeRLeWorld] INFO: Agent <rule_based_agent_1> stayed within acceptable think time.
2026-09-27 11:24:07,245 [BombeRLeWorld] INFO: STARTING STEP 319
2026-09-27 11:24:07,255 [BombeRLeWorld] INFO: Agent <agent_1> chose action RIGHT in 0.00s.
2026-09-27 11:24:07,255 [BombeRLeWorld] INFO: Agent <agent_1> stayed within acceptable think time.
2026-09-27 11:24:07,255 [BombeRLeWorld] INFO: Agent <rule_based_agent_1> chose action UP in 0.00s.
2026-09-27 11:24:07,255 [BombeRLeWorld] INFO: Agent <rule_based_agent_1> stayed within acceptable think time.
2026-09-27 11:24:07,345 [BombeRLeWorld] INFO: STARTING STEP 320
2026-09-27 11:24:07,351 [BombeRLeWorld] INFO: Agent <agent_1> chose action LEFT in 0.00s.
2026-09-27 11:24:07,351 [BombeRLeWorld] INFO: Agent <agent_1> stayed within acceptable think time.
2026-09-27 11:24:07,351 [BombeRLeWorld] INFO: Agent <rule_based_agent_1> chose action DOWN in 0.00s.
2026-09-27 11:24:07,351 [BombeRLeWorld] INFO: Agent <rule_based_agent_1> stayed within acceptable think time.
2026-09-27 11:24:07,446 [BombeRLeWorld] INFO: STARTING STEP 321
2026-09-27 11:24:07,455 [BombeRLeWorld] INFO: Agent <rule_based_agent_1> chose action UP in 0.00s.
2026-09-27 11:24:07,455 [BombeRLeWorld] INFO: Agent <rule_based_agent_1> stayed within acceptable think time.
2026-09-27 11:24:07,455 [BombeRLeWorld] INFO: Agent <agent_1> chose action RIGHT in 0.00s.
2026-09-27 11:24:07,455 [BombeRLeWorld] INFO: Agent <agent_1> stayed within acceptable think time.
2026-09-27 11:24:07,545 [BombeRLeWorld] INFO: STARTING STEP 322
2026-09-27 11:24:07,551 [BombeRLeWorld] INFO: Agent <agent_1> chose action LEFT in 0.00s.
2026-09-27 11:24:07,552 [BombeRLeWorld] INFO: Agent <agent_1> stayed within acceptable think time.
2026-09-27 11:24:07,552 [BombeRLeWorld] INFO: Agent <rule_based_agent_1> chose action DOWN in 0.00s.
2026-09-27 11:24:07,552 [BombeRLeWorld] INFO: Agent <rule_based_agent_1> stayed within acceptable think time.
2026-09-27 11:24:07,648 [BombeRLeWorld] INFO: STARTING STEP 323
2026-09-27 11:24:07,657 [BombeRLeWorld] INFO: Agent <rule_based_agent_1> chose action UP in 0.00s.
2026-09-27 11:24:07,657 [BombeRLeWorld] INFO: Agent <rule_based_agent_1> stayed within acceptable think time.
2026-09-27 11:24:07,657 [BombeRLeWorld] INFO: Agent <agent_1> chose action RIGHT in 0.00s.
2026-09-27 11:24:07,657 [BombeRLeWorld] INFO: Agent <agent_1> stayed within acceptable think time.
2026-09-27 11:24:07,747 [BombeRLeWorld] INFO: STARTING STEP 324
2026-09-27 11:24:07,757 [BombeRLeWorld] INFO: Agent <rule_based_agent_1> chose action DOWN in 0.00s.
2026-09-27 11:24:07,757 [BombeRLeWorld] INFO: Agent <rule_based_agent_1> stayed within acceptable think time.
2026-09-27 11:24:07,757 [BombeRLeWorld] INFO: Agent <agent_1> chose action LEFT in 0.00s.
2026-09-27 11:24:07,757 [BombeRLeWorld] INFO: Agent <agent_1> stayed within acceptable think time.
2026-09-27 11:24:07,847 [BombeRLeWorld] INFO: STARTING STEP 325
2026-09-27 11:24:07,854 [BombeRLeWorld] INFO: Agent <agent_1> chose action RIGHT in 0.00s.
2026-09-27 11:24:07,854 [BombeRLeWorld] INFO: Agent <agent_1> stayed within acceptable think time.
2026-09-27 11:24:07,854 [BombeRLeWorld] INFO: Agent <rule_based_agent_1> chose action UP in 0.00s.
2026-09-27 11:24:07,854 [BombeRLeWorld] INFO: Agent <rule_based_agent_1> stayed within acceptable think time.
2026-09-27 11:24:07,949 [BombeRLeWorld] INFO: STARTING STEP 326
2026-09-27 11:24:07,957 [BombeRLeWorld] INFO: Agent <agent_1> chose action LEFT in 0.00s.
2026-09-27 11:24:07,957 [BombeRLeWorld] INFO: Agent <agent_1> stayed within acceptable think time.
2026-09-27 11:24:07,957 [BombeRLeWorld] INFO: Agent <rule_based_agent_1> chose action DOWN in 0.00s.
2026-09-27 11:24:07,957 [BombeRLeWorld] INFO: Agent <rule_based_agent_1> stayed within acceptable think time.
2026-09-27 11:24:08,048 [BombeRLeWorld] INFO: STARTING STEP 327
2026-09-27 11:24:08,054 [BombeRLeWorld] INFO: Agent <agent_1> chose action RIGHT in 0.00s.
2026-09-27 11:24:08,054 [BombeRLeWorld] INFO: Agent <agent_1> stayed within acceptable think time.
2026-09-27 11:24:08,054 [BombeRLeWorld] INFO: Agent <rule_based_agent_1> chose action UP in 0.00s.
2026-09-27 11:24:08,054 [BombeRLeWorld] INFO: Agent <rule_based_agent_1> stayed within acceptable think time.
2026-09-27 11:24:08,149 [BombeRLeWorld] INFO: STARTING STEP 328
2026-09-27 11:24:08,158 [BombeRLeWorld] INFO: Agent <rule_based_agent_1> chose action DOWN in 0.00s.
2026-09-27 11:24:08,158 [BombeRLeWorld] INFO: Agent <rule_based_agent_1> stayed within acceptable think time.
2026-09-27 11:24:08,158 [BombeRLeWorld] INFO: Agent <agent_1> chose action UP in 0.00s.
2026-09-27 11:24:08,158 [BombeRLeWorld] INFO: Agent <agent_1> stayed within acceptable think time.
2026-09-27 11:24:08,249 [BombeRLeWorld] INFO: STARTING STEP 329
2026-09-27 11:24:08,258 [BombeRLeWorld] INFO: Agent <rule_based_agent_1> chose action UP in 0.00s.
2026-09-27 11:24:08,259 [BombeRLeWorld] INFO: Agent <rule_based_agent_1> stayed within acceptable think time.
2026-09-27 11:24:08,259 [BombeRLeWorld] INFO: Agent <agent_1> chose action DOWN in 0.00s.
2026-09-27 11:24:08,259 [BombeRLeWorld] INFO: Agent <agent_1> stayed within acceptable think time.
2026-09-27 11:24:08,350 [BombeRLeWorld] INFO: STARTING STEP 330
2026-09-27 11:24:08,359 [BombeRLeWorld] INFO: Agent <rule_based_agent_1> chose action DOWN in 0.01s.
2026-09-27 11:24:08,359 [BombeRLeWorld] INFO: Agent <rule_based_agent_1> stayed within acceptable think time.
2026-09-27 11:24:08,359 [BombeRLeWorld] INFO: Agent <agent_1> chose action LEFT in 0.00s.
2026-09-27 11:24:08,359 [BombeRLeWorld] INFO: Agent <agent_1> stayed within acceptable think time.
2026-09-27 11:24:08,450 [BombeRLeWorld] INFO: STARTING STEP 331
2026-09-27 11:24:08,460 [BombeRLeWorld] INFO: Agent <rule_based_agent_1> chose action UP in 0.00s.
2026-09-27 11:24:08,460 [BombeRLeWorld] INFO: Agent <rule_based_agent_1> stayed within acceptable think time.
2026-09-27 11:24:08,460 [BombeRLeWorld] INFO: Agent <agent_1> chose action RIGHT in 0.00s.
2026-09-27 11:24:08,460 [BombeRLeWorld] INFO: Agent <agent_1> stayed within acceptable think time.
2026-09-27 11:24:08,551 [BombeRLeWorld] INFO: STARTING STEP 332
2026-09-27 11:24:08,559 [BombeRLeWorld] INFO: Agent <agent_1> chose action LEFT in 0.00s.
2026-09-27 11:24:08,560 [BombeRLeWorld] INFO: Agent <agent_1> stayed within acceptable think time.
2026-09-27 11:24:08,560 [BombeRLeWorld] INFO: Agent <rule_based_agent_1> chose action DOWN in 0.00s.
2026-09-27 11:24:08,560 [BombeRLeWorld] INFO: Agent <rule_based_agent_1> stayed within acceptable think time.
2026-09-27 11:24:08,651 [BombeRLeWorld] INFO: STARTING STEP 333
2026-09-27 11:24:08,660 [BombeRLeWorld] INFO: Agent <agent_1> chose action RIGHT in 0.00s.
2026-09-27 11:24:08,661 [BombeRLeWorld] INFO: Agent <agent_1> stayed within acceptable think time.
2026-09-27 11:24:08,661 [BombeRLeWorld] INFO: Agent <rule_based_agent_1> chose action UP in 0.00s.
2026-09-27 11:24:08,661 [BombeRLeWorld] INFO: Agent <rule_based_agent_1> stayed within acceptable think time.
2026-09-27 11:24:08,751 [BombeRLeWorld] INFO: STARTING STEP 334
2026-09-27 11:24:08,757 [BombeRLeWorld] INFO: Agent <rule_based_agent_1> chose action DOWN in 0.00s.
2026-09-27 11:24:08,757 [BombeRLeWorld] INFO: Agent <rule_based_agent_1> stayed within acceptable think time.
2026-09-27 11:24:08,757 [BombeRLeWorld] INFO: Agent <agent_1> chose action UP in 0.00s.
2026-09-27 11:24:08,757 [BombeRLeWorld] INFO: Agent <agent_1> stayed within acceptable think time.
2026-09-27 11:24:08,852 [BombeRLeWorld] INFO: STARTING STEP 335
2026-09-27 11:24:08,862 [BombeRLeWorld] INFO: Agent <agent_1> chose action DOWN in 0.00s.
2026-09-27 11:24:08,862 [BombeRLeWorld] INFO: Agent <agent_1> stayed within acceptable think time.
2026-09-27 11:24:08,862 [BombeRLeWorld] INFO: Agent <rule_based_agent_1> chose action UP in 0.00s.
2026-09-27 11:24:08,862 [BombeRLeWorld] INFO: Agent <rule_based_agent_1> stayed within acceptable think time.
2026-09-27 11:24:08,952 [BombeRLeWorld] INFO: STARTING STEP 336
2026-09-27 11:24:08,962 [BombeRLeWorld] INFO: Agent <agent_1> chose action LEFT in 0.00s.
2026-09-27 11:24:08,962 [BombeRLeWorld] INFO: Agent <agent_1> stayed within acceptable think time.
2026-09-27 11:24:08,962 [BombeRLeWorld] INFO: Agent <rule_based_agent_1> chose action DOWN in 0.01s.
2026-09-27 11:24:08,962 [BombeRLeWorld] INFO: Agent <rule_based_agent_1> stayed within acceptable think time.
2026-09-27 11:24:09,053 [BombeRLeWorld] INFO: STARTING STEP 337
2026-09-27 11:24:09,063 [BombeRLeWorld] INFO: Agent <rule_based_agent_1> chose action UP in 0.00s.
2026-09-27 11:24:09,063 [BombeRLeWorld] INFO: Agent <rule_based_agent_1> stayed within acceptable think time.
2026-09-27 11:24:09,063 [BombeRLeWorld] INFO: Agent <agent_1> chose action RIGHT in 0.00s.
2026-09-27 11:24:09,063 [BombeRLeWorld] INFO: Agent <agent_1> stayed within acceptable think time.
2026-09-27 11:24:09,153 [BombeRLeWorld] INFO: STARTING STEP 338
2026-09-27 11:24:09,162 [BombeRLeWorld] INFO: Agent <rule_based_agent_1> chose action DOWN in 0.00s.
2026-09-27 11:24:09,162 [BombeRLeWorld] INFO: Agent <rule_based_agent_1> stayed within acceptable think time.
2026-09-27 11:24:09,162 [BombeRLeWorld] INFO: Agent <agent_1> chose action UP in 0.00s.
2026-09-27 11:24:09,163 [BombeRLeWorld] INFO: Agent <agent_1> stayed within acceptable think time.
2026-09-27 11:24:09,254 [BombeRLeWorld] INFO: STARTING STEP 339
2026-09-27 11:24:09,263 [BombeRLeWorld] INFO: Agent <agent_1> chose action DOWN in 0.00s.
2026-09-27 11:24:09,263 [BombeRLeWorld] INFO: Agent <agent_1> stayed within acceptable think time.
2026-09-27 11:24:09,263 [BombeRLeWorld] INFO: Agent <rule_based_agent_1> chose action UP in 0.00s.
2026-09-27 11:24:09,264 [BombeRLeWorld] INFO: Agent <rule_based_agent_1> stayed within acceptable think time.
2026-09-27 11:24:09,354 [BombeRLeWorld] INFO: STARTING STEP 340
2026-09-27 11:24:09,363 [BombeRLeWorld] INFO: Agent <agent_1> chose action UP in 0.00s.
2026-09-27 11:24:09,363 [BombeRLeWorld] INFO: Agent <agent_1> stayed within acceptable think time.
2026-09-27 11:24:09,363 [BombeRLeWorld] INFO: Agent <rule_based_agent_1> chose action DOWN in 0.01s.
2026-09-27 11:24:09,363 [BombeRLeWorld] INFO: Agent <rule_based_agent_1> stayed within acceptable think time.
2026-09-27 11:24:09,453 [BombeRLeWorld] INFO: STARTING STEP 341
2026-09-27 11:24:09,460 [BombeRLeWorld] INFO: Agent <rule_based_agent_1> chose action UP in 0.00s.
2026-09-27 11:24:09,460 [BombeRLeWorld] INFO: Agent <rule_based_agent_1> stayed within acceptable think time.
2026-09-27 11:24:09,460 [BombeRLeWorld] INFO: Agent <agent_1> chose action DOWN in 0.00s.
2026-09-27 11:24:09,461 [BombeRLeWorld] INFO: Agent <agent_1> stayed within acceptable think time.
2026-09-27 11:24:09,555 [BombeRLeWorld] INFO: STARTING STEP 342
2026-09-27 11:24:09,564 [BombeRLeWorld] INFO: Agent <rule_based_agent_1> chose action DOWN in 0.00s.
2026-09-27 11:24:09,564 [BombeRLeWorld] INFO: Agent <rule_based_agent_1> stayed within acceptable think time.
2026-09-27 11:24:09,564 [BombeRLeWorld] INFO: Agent <agent_1> chose action UP in 0.00s.
2026-09-27 11:24:09,564 [BombeRLeWorld] INFO: Agent <agent_1> stayed within acceptable think time.
2026-09-27 11:24:09,656 [BombeRLeWorld] INFO: STARTING STEP 343
2026-09-27 11:24:09,665 [BombeRLeWorld] INFO: Agent <rule_based_agent_1> chose action UP in 0.00s.
2026-09-27 11:24:09,665 [BombeRLeWorld] INFO: Agent <rule_based_agent_1> stayed within acceptable think time.
2026-09-27 11:24:09,665 [BombeRLeWorld] INFO: Agent <agent_1> chose action DOWN in 0.00s.
2026-09-27 11:24:09,665 [BombeRLeWorld] INFO: Agent <agent_1> stayed within acceptable think time.
2026-09-27 11:24:09,757 [BombeRLeWorld] INFO: STARTING STEP 344
2026-09-27 11:24:09,767 [BombeRLeWorld] INFO: Agent <agent_1> chose action LEFT in 0.00s.
2026-09-27 11:24:09,767 [BombeRLeWorld] INFO: Agent <agent_1> stayed within acceptable think time.
2026-09-27 11:24:09,767 [BombeRLeWorld] INFO: Agent <rule_based_agent_1> chose action DOWN in 0.01s.
2026-09-27 11:24:09,767 [BombeRLeWorld] INFO: Agent <rule_based_agent_1> stayed within acceptable think time.
2026-09-27 11:24:09,857 [BombeRLeWorld] INFO: STARTING STEP 345
2026-09-27 11:24:09,867 [BombeRLeWorld] INFO: Agent <rule_based_agent_1> chose action UP in 0.00s.
2026-09-27 11:24:09,867 [BombeRLeWorld] INFO: Agent <rule_based_agent_1> stayed within acceptable think time.
2026-09-27 11:24:09,867 [BombeRLeWorld] INFO: Agent <agent_1> chose action RIGHT in 0.00s.
2026-09-27 11:24:09,867 [BombeRLeWorld] INFO: Agent <agent_1> stayed within acceptable think time.
2026-09-27 11:24:09,958 [BombeRLeWorld] INFO: STARTING STEP 346
2026-09-27 11:24:09,967 [BombeRLeWorld] INFO: Agent <agent_1> chose action UP in 0.00s.
2026-09-27 11:24:09,967 [BombeRLeWorld] INFO: Agent <agent_1> stayed within acceptable think time.
2026-09-27 11:24:09,967 [BombeRLeWorld] INFO: Agent <rule_based_agent_1> chose action DOWN in 0.00s.
2026-09-27 11:24:09,967 [BombeRLeWorld] INFO: Agent <rule_based_agent_1> stayed within acceptable think time.
2026-09-27 11:24:10,058 [BombeRLeWorld] INFO: STARTING STEP 347
2026-09-27 11:24:10,068 [BombeRLeWorld] INFO: Agent <agent_1> chose action DOWN in 0.00s.
2026-09-27 11:24:10,068 [BombeRLeWorld] INFO: Agent <agent_1> stayed within acceptable think time.
2026-09-27 11:24:10,068 [BombeRLeWorld] INFO: Agent <rule_based_agent_1> chose action UP in 0.00s.
2026-09-27 11:24:10,068 [BombeRLeWorld] INFO: Agent <rule_based_agent_1> stayed within acceptable think time.
2026-09-27 11:24:10,157 [BombeRLeWorld] INFO: STARTING STEP 348
2026-09-27 11:24:10,164 [BombeRLeWorld] INFO: Agent <agent_1> chose action LEFT in 0.00s.
2026-09-27 11:24:10,164 [BombeRLeWorld] INFO: Agent <agent_1> stayed within acceptable think time.
2026-09-27 11:24:10,164 [BombeRLeWorld] INFO: Agent <rule_based_agent_1> chose action DOWN in 0.00s.
2026-09-27 11:24:10,164 [BombeRLeWorld] INFO: Agent <rule_based_agent_1> stayed within acceptable think time.
2026-09-27 11:24:10,259 [BombeRLeWorld] INFO: STARTING STEP 349
2026-09-27 11:24:10,269 [BombeRLeWorld] INFO: Agent <agent_1> chose action RIGHT in 0.00s.
2026-09-27 11:24:10,269 [BombeRLeWorld] INFO: Agent <agent_1> stayed within acceptable think time.
2026-09-27 11:24:10,269 [BombeRLeWorld] INFO: Agent <rule_based_agent_1> chose action UP in 0.00s.
2026-09-27 11:24:10,269 [BombeRLeWorld] INFO: Agent <rule_based_agent_1> stayed within acceptable think time.
2026-09-27 11:24:10,359 [BombeRLeWorld] INFO: STARTING STEP 350
2026-09-27 11:24:10,368 [BombeRLeWorld] INFO: Agent <agent_1> chose action UP in 0.00s.
2026-09-27 11:24:10,368 [BombeRLeWorld] INFO: Agent <agent_1> stayed within acceptable think time.
2026-09-27 11:24:10,368 [BombeRLeWorld] INFO: Agent <rule_based_agent_1> chose action DOWN in 0.00s.
2026-09-27 11:24:10,368 [BombeRLeWorld] INFO: Agent <rule_based_agent_1> stayed within acceptable think time.
2026-09-27 11:24:10,460 [BombeRLeWorld] INFO: STARTING STEP 351
2026-09-27 11:24:10,469 [BombeRLeWorld] INFO: Agent <agent_1> chose action DOWN in 0.00s.
2026-09-27 11:24:10,469 [BombeRLeWorld] INFO: Agent <agent_1> stayed within acceptable think time.
2026-09-27 11:24:10,469 [BombeRLeWorld] INFO: Agent <rule_based_agent_1> chose action UP in 0.00s.
2026-09-27 11:24:10,469 [BombeRLeWorld] INFO: Agent <rule_based_agent_1> stayed within acceptable think time.
2026-09-27 11:24:10,561 [BombeRLeWorld] INFO: STARTING STEP 352
2026-09-27 11:24:10,570 [BombeRLeWorld] INFO: Agent <agent_1> chose action UP in 0.00s.
2026-09-27 11:24:10,570 [BombeRLeWorld] INFO: Agent <agent_1> stayed within acceptable think time.
2026-09-27 11:24:10,570 [BombeRLeWorld] INFO: Agent <rule_based_agent_1> chose action DOWN in 0.00s.
2026-09-27 11:24:10,570 [BombeRLeWorld] INFO: Agent <rule_based_agent_1> stayed within acceptable think time.
2026-09-27 11:24:10,661 [BombeRLeWorld] INFO: STARTING STEP 353
2026-09-27 11:24:10,670 [BombeRLeWorld] INFO: Agent <agent_1> chose action DOWN in 0.00s.
2026-09-27 11:24:10,671 [BombeRLeWorld] INFO: Agent <agent_1> stayed within acceptable think time.
2026-09-27 11:24:10,671 [BombeRLeWorld] INFO: Agent <rule_based_agent_1> chose action UP in 0.00s.
2026-09-27 11:24:10,671 [BombeRLeWorld] INFO: Agent <rule_based_agent_1> stayed within acceptable think time.
2026-09-27 11:24:10,762 [BombeRLeWorld] INFO: STARTING STEP 354
2026-09-27 11:24:10,771 [BombeRLeWorld] INFO: Agent <rule_based_agent_1> chose action DOWN in 0.00s.
2026-09-27 11:24:10,771 [BombeRLeWorld] INFO: Agent <rule_based_agent_1> stayed within acceptable think time.
2026-09-27 11:24:10,771 [BombeRLeWorld] INFO: Agent <agent_1> chose action UP in 0.00s.
2026-09-27 11:24:10,771 [BombeRLeWorld] INFO: Agent <agent_1> stayed within acceptable think time.
2026-09-27 11:24:10,861 [BombeRLeWorld] INFO: STARTING STEP 355
2026-09-27 11:24:10,868 [BombeRLeWorld] INFO: Agent <agent_1> chose action DOWN in 0.00s.
2026-09-27 11:24:10,868 [BombeRLeWorld] INFO: Agent <agent_1> stayed within acceptable think time.
2026-09-27 11:24:10,868 [BombeRLeWorld] INFO: Agent <rule_based_agent_1> chose action UP in 0.00s.
2026-09-27 11:24:10,868 [BombeRLeWorld] INFO: Agent <rule_based_agent_1> stayed within acceptable think time.
2026-09-27 11:24:10,963 [BombeRLeWorld] INFO: STARTING STEP 356
2026-09-27 11:24:10,972 [BombeRLeWorld] INFO: Agent <rule_based_agent_1> chose action DOWN in 0.00s.
2026-09-27 11:24:10,972 [BombeRLeWorld] INFO: Agent <rule_based_agent_1> stayed within acceptable think time.
2026-09-27 11:24:10,972 [BombeRLeWorld] INFO: Agent <agent_1> chose action UP in 0.00s.
2026-09-27 11:24:10,972 [BombeRLeWorld] INFO: Agent <agent_1> stayed within acceptable think time.
2026-09-27 11:24:11,064 [BombeRLeWorld] INFO: STARTING STEP 357
2026-09-27 11:24:11,072 [BombeRLeWorld] INFO: Agent <rule_based_agent_1> chose action UP in 0.00s.
2026-09-27 11:24:11,072 [BombeRLeWorld] INFO: Agent <rule_based_agent_1> stayed within acceptable think time.
2026-09-27 11:24:11,072 [BombeRLeWorld] INFO: Agent <agent_1> chose action DOWN in 0.00s.
2026-09-27 11:24:11,072 [BombeRLeWorld] INFO: Agent <agent_1> stayed within acceptable think time.
2026-09-27 11:24:11,163 [BombeRLeWorld] INFO: STARTING STEP 358
2026-09-27 11:24:11,172 [BombeRLeWorld] INFO: Agent <rule_based_agent_1> chose action DOWN in 0.00s.
2026-09-27 11:24:11,172 [BombeRLeWorld] INFO: Agent <rule_based_agent_1> stayed within acceptable think time.
2026-09-27 11:24:11,172 [BombeRLeWorld] INFO: Agent <agent_1> chose action LEFT in 0.00s.
2026-09-27 11:24:11,172 [BombeRLeWorld] INFO: Agent <agent_1> stayed within acceptable think time.
2026-09-27 11:24:11,264 [BombeRLeWorld] INFO: STARTING STEP 359
2026-09-27 11:24:11,274 [BombeRLeWorld] INFO: Agent <agent_1> chose action RIGHT in 0.00s.
2026-09-27 11:24:11,274 [BombeRLeWorld] INFO: Agent <agent_1> stayed within acceptable think time.
2026-09-27 11:24:11,274 [BombeRLeWorld] INFO: Agent <rule_based_agent_1> chose action UP in 0.00s.
2026-09-27 11:24:11,274 [BombeRLeWorld] INFO: Agent <rule_based_agent_1> stayed within acceptable think time.
2026-09-27 11:24:11,364 [BombeRLeWorld] INFO: STARTING STEP 360
2026-09-27 11:24:11,373 [BombeRLeWorld] INFO: Agent <agent_1> chose action LEFT in 0.00s.
2026-09-27 11:24:11,373 [BombeRLeWorld] INFO: Agent <agent_1> stayed within acceptable think time.
2026-09-27 11:24:11,373 [BombeRLeWorld] INFO: Agent <rule_based_agent_1> chose action DOWN in 0.00s.
2026-09-27 11:24:11,373 [BombeRLeWorld] INFO: Agent <rule_based_agent_1> stayed within acceptable think time.
2026-09-27 11:24:11,464 [BombeRLeWorld] INFO: STARTING STEP 361
2026-09-27 11:24:11,471 [BombeRLeWorld] INFO: Agent <rule_based_agent_1> chose action UP in 0.00s.
2026-09-27 11:24:11,471 [BombeRLeWorld] INFO: Agent <rule_based_agent_1> stayed within acceptable think time.
2026-09-27 11:24:11,471 [BombeRLeWorld] INFO: Agent <agent_1> chose action RIGHT in 0.00s.
2026-09-27 11:24:11,471 [BombeRLeWorld] INFO: Agent <agent_1> stayed within acceptable think time.
2026-09-27 11:24:11,564 [BombeRLeWorld] INFO: STARTING STEP 362
2026-09-27 11:24:11,570 [BombeRLeWorld] INFO: Agent <agent_1> chose action UP in 0.00s.
2026-09-27 11:24:11,570 [BombeRLeWorld] INFO: Agent <agent_1> stayed within acceptable think time.
2026-09-27 11:24:11,570 [BombeRLeWorld] INFO: Agent <rule_based_agent_1> chose action DOWN in 0.00s.
2026-09-27 11:24:11,570 [BombeRLeWorld] INFO: Agent <rule_based_agent_1> stayed within acceptable think time.
2026-09-27 11:24:11,665 [BombeRLeWorld] INFO: STARTING STEP 363
2026-09-27 11:24:11,674 [BombeRLeWorld] INFO: Agent <agent_1> chose action DOWN in 0.00s.
2026-09-27 11:24:11,674 [BombeRLeWorld] INFO: Agent <agent_1> stayed within acceptable think time.
2026-09-27 11:24:11,674 [BombeRLeWorld] INFO: Agent <rule_based_agent_1> chose action UP in 0.00s.
2026-09-27 11:24:11,674 [BombeRLeWorld] INFO: Agent <rule_based_agent_1> stayed within acceptable think time.
2026-09-27 11:24:11,765 [BombeRLeWorld] INFO: STARTING STEP 364
2026-09-27 11:24:11,775 [BombeRLeWorld] INFO: Agent <rule_based_agent_1> chose action DOWN in 0.01s.
2026-09-27 11:24:11,775 [BombeRLeWorld] INFO: Agent <rule_based_agent_1> stayed within acceptable think time.
2026-09-27 11:24:11,775 [BombeRLeWorld] INFO: Agent <agent_1> chose action LEFT in 0.00s.
2026-09-27 11:24:11,775 [BombeRLeWorld] INFO: Agent <agent_1> stayed within acceptable think time.
2026-09-27 11:24:11,865 [BombeRLeWorld] INFO: STARTING STEP 365
2026-09-27 11:24:11,875 [BombeRLeWorld] INFO: Agent <rule_based_agent_1> chose action UP in 0.00s.
2026-09-27 11:24:11,875 [BombeRLeWorld] INFO: Agent <rule_based_agent_1> stayed within acceptable think time.
2026-09-27 11:24:11,875 [BombeRLeWorld] INFO: Agent <agent_1> chose action RIGHT in 0.00s.
2026-09-27 11:24:11,875 [BombeRLeWorld] INFO: Agent <agent_1> stayed within acceptable think time.
2026-09-27 11:24:11,966 [BombeRLeWorld] INFO: STARTING STEP 366
2026-09-27 11:24:11,975 [BombeRLeWorld] INFO: Agent <agent_1> chose action LEFT in 0.00s.
2026-09-27 11:24:11,975 [BombeRLeWorld] INFO: Agent <agent_1> stayed within acceptable think time.
2026-09-27 11:24:11,975 [BombeRLeWorld] INFO: Agent <rule_based_agent_1> chose action DOWN in 0.00s.
2026-09-27 11:24:11,975 [BombeRLeWorld] INFO: Agent <rule_based_agent_1> stayed within acceptable think time.
2026-09-27 11:24:12,067 [BombeRLeWorld] INFO: STARTING STEP 367
2026-09-27 11:24:12,076 [BombeRLeWorld] INFO: Agent <rule_based_agent_1> chose action UP in 0.00s.
2026-09-27 11:24:12,076 [BombeRLeWorld] INFO: Agent <rule_based_agent_1> stayed within acceptable think time.
2026-09-27 11:24:12,076 [BombeRLeWorld] INFO: Agent <agent_1> chose action RIGHT in 0.00s.
2026-09-27 11:24:12,076 [BombeRLeWorld] INFO: Agent <agent_1> stayed within acceptable think time.
2026-09-27 11:24:12,168 [BombeRLeWorld] INFO: STARTING STEP 368
2026-09-27 11:24:12,177 [BombeRLeWorld] INFO: Agent <rule_based_agent_1> chose action DOWN in 0.01s.
2026-09-27 11:24:12,177 [BombeRLeWorld] INFO: Agent <rule_based_agent_1> stayed within acceptable think time.
2026-09-27 11:24:12,177 [BombeRLeWorld] INFO: Agent <agent_1> chose action LEFT in 0.00s.
2026-09-27 11:24:12,177 [BombeRLeWorld] INFO: Agent <agent_1> stayed within acceptable think time.
2026-09-27 11:24:12,267 [BombeRLeWorld] INFO: STARTING STEP 369
2026-09-27 11:24:12,274 [BombeRLeWorld] INFO: Agent <rule_based_agent_1> chose action UP in 0.00s.
2026-09-27 11:24:12,274 [BombeRLeWorld] INFO: Agent <rule_based_agent_1> stayed within acceptable think time.
2026-09-27 11:24:12,274 [BombeRLeWorld] INFO: Agent <agent_1> chose action RIGHT in 0.00s.
2026-09-27 11:24:12,274 [BombeRLeWorld] INFO: Agent <agent_1> stayed within acceptable think time.
2026-09-27 11:24:12,368 [BombeRLeWorld] INFO: STARTING STEP 370
2026-09-27 11:24:12,377 [BombeRLeWorld] INFO: Agent <agent_1> chose action LEFT in 0.00s.
2026-09-27 11:24:12,377 [BombeRLeWorld] INFO: Agent <agent_1> stayed within acceptable think time.
2026-09-27 11:24:12,378 [BombeRLeWorld] INFO: Agent <rule_based_agent_1> chose action DOWN in 0.00s.
2026-09-27 11:24:12,378 [BombeRLeWorld] INFO: Agent <rule_based_agent_1> stayed within acceptable think time.
2026-09-27 11:24:12,469 [BombeRLeWorld] INFO: STARTING STEP 371
2026-09-27 11:24:12,477 [BombeRLeWorld] INFO: Agent <agent_1> chose action RIGHT in 0.00s.
2026-09-27 11:24:12,478 [BombeRLeWorld] INFO: Agent <agent_1> stayed within acceptable think time.
2026-09-27 11:24:12,478 [BombeRLeWorld] INFO: Agent <rule_based_agent_1> chose action UP in 0.00s.
2026-09-27 11:24:12,478 [BombeRLeWorld] INFO: Agent <rule_based_agent_1> stayed within acceptable think time.
2026-09-27 11:24:12,569 [BombeRLeWorld] INFO: STARTING STEP 372
2026-09-27 11:24:12,575 [BombeRLeWorld] INFO: Agent <agent_1> chose action UP in 0.00s.
2026-09-27 11:24:12,575 [BombeRLeWorld] INFO: Agent <agent_1> stayed within acceptable think time.
2026-09-27 11:24:12,575 [BombeRLeWorld] INFO: Agent <rule_based_agent_1> chose action DOWN in 0.00s.
2026-09-27 11:24:12,575 [BombeRLeWorld] INFO: Agent <rule_based_agent_1> stayed within acceptable think time.
2026-09-27 11:24:12,669 [BombeRLeWorld] INFO: STARTING STEP 373
2026-09-27 11:24:12,676 [BombeRLeWorld] INFO: Agent <rule_based_agent_1> chose action UP in 0.00s.
2026-09-27 11:24:12,676 [BombeRLeWorld] INFO: Agent <rule_based_agent_1> stayed within acceptable think time.
2026-09-27 11:24:12,676 [BombeRLeWorld] INFO: Agent <agent_1> chose action DOWN in 0.00s.
2026-09-27 11:24:12,676 [BombeRLeWorld] INFO: Agent <agent_1> stayed within acceptable think time.
2026-09-27 11:24:12,771 [BombeRLeWorld] INFO: STARTING STEP 374
2026-09-27 11:24:12,780 [BombeRLeWorld] INFO: Agent <agent_1> chose action LEFT in 0.00s.
2026-09-27 11:24:12,780 [BombeRLeWorld] INFO: Agent <agent_1> stayed within acceptable think time.
2026-09-27 11:24:12,780 [BombeRLeWorld] INFO: Agent <rule_based_agent_1> chose action DOWN in 0.01s.
2026-09-27 11:24:12,780 [BombeRLeWorld] INFO: Agent <rule_based_agent_1> stayed within acceptable think time.
2026-09-27 11:24:12,871 [BombeRLeWorld] INFO: STARTING STEP 375
2026-09-27 11:24:12,881 [BombeRLeWorld] INFO: Agent <rule_based_agent_1> chose action UP in 0.00s.
2026-09-27 11:24:12,881 [BombeRLeWorld] INFO: Agent <rule_based_agent_1> stayed within acceptable think time.
2026-09-27 11:24:12,881 [BombeRLeWorld] INFO: Agent <agent_1> chose action RIGHT in 0.00s.
2026-09-27 11:24:12,881 [BombeRLeWorld] INFO: Agent <agent_1> stayed within acceptable think time.
2026-09-27 11:24:12,970 [BombeRLeWorld] INFO: STARTING STEP 376
2026-09-27 11:24:12,977 [BombeRLeWorld] INFO: Agent <rule_based_agent_1> chose action DOWN in 0.00s.
2026-09-27 11:24:12,978 [BombeRLeWorld] INFO: Agent <rule_based_agent_1> stayed within acceptable think time.
2026-09-27 11:24:12,978 [BombeRLeWorld] INFO: Agent <agent_1> chose action LEFT in 0.00s.
2026-09-27 11:24:12,978 [BombeRLeWorld] INFO: Agent <agent_1> stayed within acceptable think time.
2026-09-27 11:24:13,071 [BombeRLeWorld] INFO: STARTING STEP 377
2026-09-27 11:24:13,081 [BombeRLeWorld] INFO: Agent <agent_1> chose action RIGHT in 0.00s.
2026-09-27 11:24:13,081 [BombeRLeWorld] INFO: Agent <agent_1> stayed within acceptable think time.
2026-09-27 11:24:13,081 [BombeRLeWorld] INFO: Agent <rule_based_agent_1> chose action UP in 0.00s.
2026-09-27 11:24:13,081 [BombeRLeWorld] INFO: Agent <rule_based_agent_1> stayed within acceptable think time.
2026-09-27 11:24:13,172 [BombeRLeWorld] INFO: STARTING STEP 378
2026-09-27 11:24:13,179 [BombeRLeWorld] INFO: Agent <rule_based_agent_1> chose action DOWN in 0.00s.
2026-09-27 11:24:13,179 [BombeRLeWorld] INFO: Agent <rule_based_agent_1> stayed within acceptable think time.
2026-09-27 11:24:13,179 [BombeRLeWorld] INFO: Agent <agent_1> chose action UP in 0.00s.
2026-09-27 11:24:13,179 [BombeRLeWorld] INFO: Agent <agent_1> stayed within acceptable think time.
2026-09-27 11:24:13,273 [BombeRLeWorld] INFO: STARTING STEP 379
2026-09-27 11:24:13,282 [BombeRLeWorld] INFO: Agent <rule_based_agent_1> chose action UP in 0.00s.
2026-09-27 11:24:13,282 [BombeRLeWorld] INFO: Agent <rule_based_agent_1> stayed within acceptable think time.
2026-09-27 11:24:13,282 [BombeRLeWorld] INFO: Agent <agent_1> chose action DOWN in 0.00s.
2026-09-27 11:24:13,282 [BombeRLeWorld] INFO: Agent <agent_1> stayed within acceptable think time.
2026-09-27 11:24:13,373 [BombeRLeWorld] INFO: STARTING STEP 380
2026-09-27 11:24:13,382 [BombeRLeWorld] INFO: Agent <agent_1> chose action UP in 0.00s.
2026-09-27 11:24:13,382 [BombeRLeWorld] INFO: Agent <agent_1> stayed within acceptable think time.
2026-09-27 11:24:13,383 [BombeRLeWorld] INFO: Agent <rule_based_agent_1> chose action DOWN in 0.01s.
2026-09-27 11:24:13,383 [BombeRLeWorld] INFO: Agent <rule_based_agent_1> stayed within acceptable think time.
2026-09-27 11:24:13,473 [BombeRLeWorld] INFO: STARTING STEP 381
2026-09-27 11:24:13,480 [BombeRLeWorld] INFO: Agent <rule_based_agent_1> chose action UP in 0.00s.
2026-09-27 11:24:13,480 [BombeRLeWorld] INFO: Agent <rule_based_agent_1> stayed within acceptable think time.
2026-09-27 11:24:13,480 [BombeRLeWorld] INFO: Agent <agent_1> chose action DOWN in 0.00s.
2026-09-27 11:24:13,480 [BombeRLeWorld] INFO: Agent <agent_1> stayed within acceptable think time.
2026-09-27 11:24:13,574 [BombeRLeWorld] INFO: STARTING STEP 382
2026-09-27 11:24:13,580 [BombeRLeWorld] INFO: Agent <rule_based_agent_1> chose action DOWN in 0.00s.
2026-09-27 11:24:13,580 [BombeRLeWorld] INFO: Agent <rule_based_agent_1> stayed within acceptable think time.
2026-09-27 11:24:13,580 [BombeRLeWorld] INFO: Agent <agent_1> chose action LEFT in 0.00s.
2026-09-27 11:24:13,580 [BombeRLeWorld] INFO: Agent <agent_1> stayed within acceptable think time.
2026-09-27 11:24:13,673 [BombeRLeWorld] INFO: STARTING STEP 383
2026-09-27 11:24:13,680 [BombeRLeWorld] INFO: Agent <agent_1> chose action RIGHT in 0.00s.
2026-09-27 11:24:13,680 [BombeRLeWorld] INFO: Agent <agent_1> stayed within acceptable think time.
2026-09-27 11:24:13,680 [BombeRLeWorld] INFO: Agent <rule_based_agent_1> chose action UP in 0.00s.
2026-09-27 11:24:13,680 [BombeRLeWorld] INFO: Agent <rule_based_agent_1> stayed within acceptable think time.
2026-09-27 11:24:13,774 [BombeRLeWorld] INFO: STARTING STEP 384
2026-09-27 11:24:13,783 [BombeRLeWorld] INFO: Agent <rule_based_agent_1> chose action DOWN in 0.00s.
2026-09-27 11:24:13,783 [BombeRLeWorld] INFO: Agent <rule_based_agent_1> stayed within acceptable think time.
2026-09-27 11:24:13,783 [BombeRLeWorld] INFO: Agent <agent_1> chose action UP in 0.00s.
2026-09-27 11:24:13,783 [BombeRLeWorld] INFO: Agent <agent_1> stayed within acceptable think time.
2026-09-27 11:24:13,874 [BombeRLeWorld] INFO: STARTING STEP 385
2026-09-27 11:24:13,884 [BombeRLeWorld] INFO: Agent <rule_based_agent_1> chose action UP in 0.00s.
2026-09-27 11:24:13,884 [BombeRLeWorld] INFO: Agent <rule_based_agent_1> stayed within acceptable think time.
2026-09-27 11:24:13,884 [BombeRLeWorld] INFO: Agent <agent_1> chose action DOWN in 0.00s.
2026-09-27 11:24:13,884 [BombeRLeWorld] INFO: Agent <agent_1> stayed within acceptable think time.
2026-09-27 11:24:13,976 [BombeRLeWorld] INFO: STARTING STEP 386
2026-09-27 11:24:13,985 [BombeRLeWorld] INFO: Agent <rule_based_agent_1> chose action DOWN in 0.00s.
2026-09-27 11:24:13,985 [BombeRLeWorld] INFO: Agent <rule_based_agent_1> stayed within acceptable think time.
2026-09-27 11:24:13,985 [BombeRLeWorld] INFO: Agent <agent_1> chose action LEFT in 0.00s.
2026-09-27 11:24:13,985 [BombeRLeWorld] INFO: Agent <agent_1> stayed within acceptable think time.
2026-09-27 11:24:14,076 [BombeRLeWorld] INFO: STARTING STEP 387
2026-09-27 11:24:14,085 [BombeRLeWorld] INFO: Agent <rule_based_agent_1> chose action UP in 0.00s.
2026-09-27 11:24:14,085 [BombeRLeWorld] INFO: Agent <rule_based_agent_1> stayed within acceptable think time.
2026-09-27 11:24:14,085 [BombeRLeWorld] INFO: Agent <agent_1> chose action RIGHT in 0.00s.
2026-09-27 11:24:14,085 [BombeRLeWorld] INFO: Agent <agent_1> stayed within acceptable think time.
2026-09-27 11:24:14,177 [BombeRLeWorld] INFO: STARTING STEP 388
2026-09-27 11:24:14,185 [BombeRLeWorld] INFO: Agent <rule_based_agent_1> chose action DOWN in 0.00s.
2026-09-27 11:24:14,185 [BombeRLeWorld] INFO: Agent <rule_based_agent_1> stayed within acceptable think time.
2026-09-27 11:24:14,186 [BombeRLeWorld] INFO: Agent <agent_1> chose action LEFT in 0.00s.
2026-09-27 11:24:14,186 [BombeRLeWorld] INFO: Agent <agent_1> stayed within acceptable think time.
2026-09-27 11:24:14,277 [BombeRLeWorld] INFO: STARTING STEP 389
2026-09-27 11:24:14,287 [BombeRLeWorld] INFO: Agent <agent_1> chose action RIGHT in 0.00s.
2026-09-27 11:24:14,287 [BombeRLeWorld] INFO: Agent <agent_1> stayed within acceptable think time.
2026-09-27 11:24:14,287 [BombeRLeWorld] INFO: Agent <rule_based_agent_1> chose action UP in 0.01s.
2026-09-27 11:24:14,287 [BombeRLeWorld] INFO: Agent <rule_based_agent_1> stayed within acceptable think time.
2026-09-27 11:24:14,377 [BombeRLeWorld] INFO: STARTING STEP 390
2026-09-27 11:24:14,384 [BombeRLeWorld] INFO: Agent <rule_based_agent_1> chose action DOWN in 0.00s.
2026-09-27 11:24:14,384 [BombeRLeWorld] INFO: Agent <rule_based_agent_1> stayed within acceptable think time.
2026-09-27 11:24:14,384 [BombeRLeWorld] INFO: Agent <agent_1> chose action LEFT in 0.00s.
2026-09-27 11:24:14,384 [BombeRLeWorld] INFO: Agent <agent_1> stayed within acceptable think time.
2026-09-27 11:24:14,478 [BombeRLeWorld] INFO: STARTING STEP 391
2026-09-27 11:24:14,488 [BombeRLeWorld] INFO: Agent <agent_1> chose action RIGHT in 0.00s.
2026-09-27 11:24:14,488 [BombeRLeWorld] INFO: Agent <agent_1> stayed within acceptable think time.
2026-09-27 11:24:14,488 [BombeRLeWorld] INFO: Agent <rule_based_agent_1> chose action UP in 0.00s.
2026-09-27 11:24:14,488 [BombeRLeWorld] INFO: Agent <rule_based_agent_1> stayed within acceptable think time.
2026-09-27 11:24:14,579 [BombeRLeWorld] INFO: STARTING STEP 392
2026-09-27 11:24:14,588 [BombeRLeWorld] INFO: Agent <rule_based_agent_1> chose action DOWN in 0.00s.
2026-09-27 11:24:14,588 [BombeRLeWorld] INFO: Agent <rule_based_agent_1> stayed within acceptable think time.
2026-09-27 11:24:14,588 [BombeRLeWorld] INFO: Agent <agent_1> chose action LEFT in 0.00s.
2026-09-27 11:24:14,588 [BombeRLeWorld] INFO: Agent <agent_1> stayed within acceptable think time.
2026-09-27 11:24:14,679 [BombeRLeWorld] INFO: STARTING STEP 393
2026-09-27 11:24:14,688 [BombeRLeWorld] INFO: Agent <agent_1> chose action RIGHT in 0.00s.
2026-09-27 11:24:14,688 [BombeRLeWorld] INFO: Agent <agent_1> stayed within acceptable think time.
2026-09-27 11:24:14,688 [BombeRLeWorld] INFO: Agent <rule_based_agent_1> chose action UP in 0.00s.
2026-09-27 11:24:14,688 [BombeRLeWorld] INFO: Agent <rule_based_agent_1> stayed within acceptable think time.
2026-09-27 11:24:14,779 [BombeRLeWorld] INFO: STARTING STEP 394
2026-09-27 11:24:14,788 [BombeRLeWorld] INFO: Agent <rule_based_agent_1> chose action DOWN in 0.00s.
2026-09-27 11:24:14,788 [BombeRLeWorld] INFO: Agent <rule_based_agent_1> stayed within acceptable think time.
2026-09-27 11:24:14,788 [BombeRLeWorld] INFO: Agent <agent_1> chose action LEFT in 0.00s.
2026-09-27 11:24:14,788 [BombeRLeWorld] INFO: Agent <agent_1> stayed within acceptable think time.
2026-09-27 11:24:14,879 [BombeRLeWorld] INFO: STARTING STEP 395
2026-09-27 11:24:14,889 [BombeRLeWorld] INFO: Agent <rule_based_agent_1> chose action UP in 0.00s.
2026-09-27 11:24:14,889 [BombeRLeWorld] INFO: Agent <rule_based_agent_1> stayed within acceptable think time.
2026-09-27 11:24:14,889 [BombeRLeWorld] INFO: Agent <agent_1> chose action RIGHT in 0.00s.
2026-09-27 11:24:14,889 [BombeRLeWorld] INFO: Agent <agent_1> stayed within acceptable think time.
2026-09-27 11:24:14,980 [BombeRLeWorld] INFO: STARTING STEP 396
2026-09-27 11:24:14,988 [BombeRLeWorld] INFO: Agent <agent_1> chose action LEFT in 0.00s.
2026-09-27 11:24:14,988 [BombeRLeWorld] INFO: Agent <agent_1> stayed within acceptable think time.
2026-09-27 11:24:14,988 [BombeRLeWorld] INFO: Agent <rule_based_agent_1> chose action DOWN in 0.00s.
2026-09-27 11:24:14,989 [BombeRLeWorld] INFO: Agent <rule_based_agent_1> stayed within acceptable think time.
2026-09-27 11:24:15,079 [BombeRLeWorld] INFO: STARTING STEP 397
2026-09-27 11:24:15,086 [BombeRLeWorld] INFO: Agent <agent_1> chose action RIGHT in 0.00s.
2026-09-27 11:24:15,086 [BombeRLeWorld] INFO: Agent <agent_1> stayed within acceptable think time.
2026-09-27 11:24:15,086 [BombeRLeWorld] INFO: Agent <rule_based_agent_1> chose action UP in 0.00s.
2026-09-27 11:24:15,086 [BombeRLeWorld] INFO: Agent <rule_based_agent_1> stayed within acceptable think time.
2026-09-27 11:24:15,180 [BombeRLeWorld] INFO: STARTING STEP 398
2026-09-27 11:24:15,189 [BombeRLeWorld] INFO: Agent <agent_1> chose action LEFT in 0.00s.
2026-09-27 11:24:15,189 [BombeRLeWorld] INFO: Agent <agent_1> stayed within acceptable think time.
2026-09-27 11:24:15,189 [BombeRLeWorld] INFO: Agent <rule_based_agent_1> chose action DOWN in 0.01s.
2026-09-27 11:24:15,189 [BombeRLeWorld] INFO: Agent <rule_based_agent_1> stayed within acceptable think time.
2026-09-27 11:24:15,281 [BombeRLeWorld] INFO: STARTING STEP 399
2026-09-27 11:24:15,290 [BombeRLeWorld] INFO: Agent <rule_based_agent_1> chose action UP in 0.00s.
2026-09-27 11:24:15,291 [BombeRLeWorld] INFO: Agent <rule_based_agent_1> stayed within acceptable think time.
2026-09-27 11:24:15,291 [BombeRLeWorld] INFO: Agent <agent_1> chose action RIGHT in 0.00s.
2026-09-27 11:24:15,291 [BombeRLeWorld] INFO: Agent <agent_1> stayed within acceptable think time.
2026-09-27 11:24:15,382 [BombeRLeWorld] INFO: STARTING STEP 400
2026-09-27 11:24:15,390 [BombeRLeWorld] INFO: Agent <rule_based_agent_1> chose action DOWN in 0.00s.
2026-09-27 11:24:15,390 [BombeRLeWorld] INFO: Agent <rule_based_agent_1> stayed within acceptable think time.
2026-09-27 11:24:15,391 [BombeRLeWorld] INFO: Agent <agent_1> chose action UP in 0.00s.
2026-09-27 11:24:15,391 [BombeRLeWorld] INFO: Agent <agent_1> stayed within acceptable think time.
2026-09-27 11:24:15,391 [BombeRLeWorld] INFO: Maximum number of steps reached, wrap up round
2026-09-27 11:24:15,391 [BombeRLeWorld] INFO: WRAPPING UP ROUND #1
